id,experiment,tray,long_edge,short_edge,mother,genotype,type,seq_plate,seq_row,seq_col
F2.1.001,F2s,1,1,1,F1.1.02,1158 x 6092,F2,,,
F2.1.002,F2s,1,1,2,F1.1.02,1158 x 6092,F2,,,
F2.1.003,F2s,1,1,3,F1.1.02,1158 x 6092,F2,,,
F2.5.001,F2s,1,1,4,F1.5.05,6024 x 8231,F2,,,
F2.7.001,F2s,1,1,5,F1.7.09,8231 x 1158,F2,,,
F2.7.002,F2s,1,1,6,F1.7.09,8231 x 1158,F2,2,D,10
F2.2.001,F2s,1,2,1,F1.2.02,1158 x 6125,F2,,,
F2.1.004,F2s,1,2,2,F1.1.02,1158 x 6092,F2,,,
F2.1.005,F2s,1,2,3,F1.1.02,1158 x 6092,F2,,,
S2.5.01,F2s,1,2,4,S1.5.16,6092,selfed_parent,,,
F2.2.002,F2s,1,2,5,F1.2.02,1158 x 6125,F2,,,
F2.7.003,F2s,1,2,6,F1.7.09,8231 x 1158,F2,,,
F2.5.002,F2s,1,3,1,F1.5.05,6024 x 8231,F2,,,
F2.2.003,F2s,1,3,2,F1.2.02,1158 x 6125,F2,,,
F2.1.006,F2s,1,3,3,F1.1.02,1158 x 6092,F2,,,
F2.1.007,F2s,1,3,4,F1.1.02,1158 x 6092,F2,,,
F2.5.003,F2s,1,3,5,F1.5.05,6024 x 8231,F2,,,
F2.7.004,F2s,1,3,6,F1.7.09,8231 x 1158,F2,,,
F2.7.005,F2s,1,4,1,F1.7.09,8231 x 1158,F2,,,
F2.7.006,F2s,1,4,2,F1.7.09,8231 x 1158,F2,2,C,10
F2.1.008,F2s,1,4,3,F1.1.02,1158 x 6092,F2,,,
F2.7.007,F2s,1,4,4,F1.7.09,8231 x 1158,F2,,,
F2.2.004,F2s,1,4,5,F1.2.02,1158 x 6125,F2,,,
F2.2.005,F2s,1,4,6,F1.2.02,1158 x 6125,F2,,,
S2.7.01,F2s,1,5,1,S1.7.08,6125,selfed_parent,,,
F2.7.008,F2s,1,5,2,F1.7.09,8231 x 1158,F2,,,
F2.2.006,F2s,1,5,3,F1.2.02,1158 x 6125,F2,,,
F2.1.009,F2s,1,5,4,F1.1.02,1158 x 6092,F2,,,
F2.1.010,F2s,1,5,5,F1.1.02,1158 x 6092,F2,,,
F2.2.007,F2s,1,5,6,F1.2.02,1158 x 6125,F2,,,
S2.10.01,F2s,1,6,1,S1.10.01,8231,selfed_parent,,,
F2.1.011,F2s,1,6,2,F1.1.02,1158 x 6092,F2,,,
NA,F2s,1,6,3,NA,NA,blank,,,
F2.7.009,F2s,1,6,4,F1.7.09,8231 x 1158,F2,2,B,10
F2.5.004,F2s,1,6,5,F1.5.05,6024 x 8231,F2,,,
F2.5.005,F2s,1,6,6,F1.5.05,6024 x 8231,F2,,,
F2.5.006,F2s,1,7,1,F1.5.05,6024 x 8231,F2,,,
F2.5.007,F2s,1,7,2,F1.5.05,6024 x 8231,F2,,,
F2.7.010,F2s,1,7,3,F1.7.09,8231 x 1158,F2,2,F,9
S2.03.01,F2s,1,7,4,S1.03.01,6024,selfed_parent,,,
F2.1.012,F2s,1,7,5,F1.1.02,1158 x 6092,F2,,,
F2.2.008,F2s,1,7,6,F1.2.02,1158 x 6125,F2,,,
F2.7.011,F2s,1,8,1,F1.7.09,8231 x 1158,F2,2,A,11
F2.7.012,F2s,1,8,2,F1.7.09,8231 x 1158,F2,2,H,9
F2.5.008,F2s,1,8,3,F1.5.05,6024 x 8231,F2,,,
F2.7.013,F2s,1,8,4,F1.7.09,8231 x 1158,F2,2,G,9
F2.2.009,F2s,1,8,5,F1.2.02,1158 x 6125,F2,,,
F2.1.013,F2s,1,8,6,F1.1.02,1158 x 6092,F2,,,
F2.1.014,F2s,1,9,1,F1.1.02,1158 x 6092,F2,,,
F2.7.014,F2s,1,9,2,F1.7.09,8231 x 1158,F2,2,A,10
F2.2.010,F2s,1,9,3,F1.2.02,1158 x 6125,F2,,,
F2.5.009,F2s,1,9,4,F1.5.05,6024 x 8231,F2,,,
S2.2.01,F2s,1,9,5,S1.2.09,1158,selfed_parent,,,
F2.1.015,F2s,1,9,6,F1.1.02,1158 x 6092,F2,,,
F2.2.011,F2s,1,10,1,F1.2.02,1158 x 6125,F2,,,
F2.5.010,F2s,1,10,2,F1.5.05,6024 x 8231,F2,,,
F2.2.012,F2s,1,10,3,F1.2.02,1158 x 6125,F2,,,
F2.5.011,F2s,1,10,4,F1.5.05,6024 x 8231,F2,,,
F2.5.012,F2s,1,10,5,F1.5.05,6024 x 8231,F2,,,
F2.2.013,F2s,1,10,6,F1.2.02,1158 x 6125,F2,,,
F2.5.013,F2s,1,11,1,F1.5.05,6024 x 8231,F2,,,
F2.2.014,F2s,1,11,2,F1.2.02,1158 x 6125,F2,,,
F2.7.015,F2s,1,11,3,F1.7.09,8231 x 1158,F2,2,E,9
F2.5.014,F2s,1,11,4,F1.5.05,6024 x 8231,F2,,,
F2.2.015,F2s,1,11,5,F1.2.02,1158 x 6125,F2,,,
F2.5.015,F2s,1,11,6,F1.5.05,6024 x 8231,F2,,,
F2.1.016,F2s,2,1,1,F1.1.02,1158 x 6092,F2,,,
F2.2.016,F2s,2,1,2,F1.2.02,1158 x 6125,F2,,,
F2.7.016,F2s,2,1,3,F1.7.09,8231 x 1158,F2,,,
F2.1.017,F2s,2,1,4,F1.1.02,1158 x 6092,F2,,,
F2.7.017,F2s,2,1,5,F1.7.09,8231 x 1158,F2,,,
F2.1.018,F2s,2,1,6,F1.1.02,1158 x 6092,F2,,,
F2.7.018,F2s,2,2,1,F1.7.09,8231 x 1158,F2,3,B,12
F2.1.019,F2s,2,2,2,F1.1.02,1158 x 6092,F2,,,
F2.7.019,F2s,2,2,3,F1.7.09,8231 x 1158,F2,3,A,12
F2.5.016,F2s,2,2,4,F1.5.05,6024 x 8231,F2,,,
F2.1.020,F2s,2,2,5,F1.1.02,1158 x 6092,F2,,,
F2.7.020,F2s,2,2,6,F1.7.09,8231 x 1158,F2,3,D,12
F2.7.021,F2s,2,3,1,F1.7.09,8231 x 1158,F2,3,C,12
F2.1.021,F2s,2,3,2,F1.1.02,1158 x 6092,F2,,,
F2.7.022,F2s,2,3,3,F1.7.09,8231 x 1158,F2,,,
S2.10.02,F2s,2,3,4,S1.10.01,8231,selfed_parent,,,
F2.5.017,F2s,2,3,5,F1.5.05,6024 x 8231,F2,,,
F2.1.022,F2s,2,3,6,F1.1.02,1158 x 6092,F2,,,
F2.7.023,F2s,2,4,1,F1.7.09,8231 x 1158,F2,,,
F2.2.017,F2s,2,4,2,F1.2.02,1158 x 6125,F2,,,
F2.1.023,F2s,2,4,3,F1.1.02,1158 x 6092,F2,,,
F2.2.018,F2s,2,4,4,F1.2.02,1158 x 6125,F2,,,
F2.2.019,F2s,2,4,5,F1.2.02,1158 x 6125,F2,,,
F2.2.020,F2s,2,4,6,F1.2.02,1158 x 6125,F2,,,
F2.2.021,F2s,2,5,1,F1.2.02,1158 x 6125,F2,,,
F2.2.022,F2s,2,5,2,F1.2.02,1158 x 6125,F2,,,
F2.1.024,F2s,2,5,3,F1.1.02,1158 x 6092,F2,,,
F2.7.024,F2s,2,5,4,F1.7.09,8231 x 1158,F2,,,
F2.1.025,F2s,2,5,5,F1.1.02,1158 x 6092,F2,,,
F2.5.018,F2s,2,5,6,F1.5.05,6024 x 8231,F2,,,
F2.2.023,F2s,2,6,1,F1.2.02,1158 x 6125,F2,,,
F2.7.025,F2s,2,6,2,F1.7.09,8231 x 1158,F2,,,
F2.5.019,F2s,2,6,3,F1.5.05,6024 x 8231,F2,,,
F2.5.020,F2s,2,6,4,F1.5.05,6024 x 8231,F2,,,
S2.5.02,F2s,2,6,5,S1.5.16,6092,selfed_parent,,,
F2.5.021,F2s,2,6,6,F1.5.05,6024 x 8231,F2,,,
F2.7.026,F2s,2,7,1,F1.7.09,8231 x 1158,F2,3,F,12
F2.5.022,F2s,2,7,2,F1.5.05,6024 x 8231,F2,,,
F2.7.027,F2s,2,7,3,F1.7.09,8231 x 1158,F2,,,
F2.7.028,F2s,2,7,4,F1.7.09,8231 x 1158,F2,,,
F2.7.029,F2s,2,7,5,F1.7.09,8231 x 1158,F2,,,
F2.5.023,F2s,2,7,6,F1.5.05,6024 x 8231,F2,,,
F2.1.026,F2s,2,8,1,F1.1.02,1158 x 6092,F2,,,
F2.2.024,F2s,2,8,2,F1.2.02,1158 x 6125,F2,,,
F2.2.025,F2s,2,8,3,F1.2.02,1158 x 6125,F2,,,
F2.2.026,F2s,2,8,4,F1.2.02,1158 x 6125,F2,,,
F2.5.024,F2s,2,8,5,F1.5.05,6024 x 8231,F2,,,
F2.5.025,F2s,2,8,6,F1.5.05,6024 x 8231,F2,,,
F2.2.027,F2s,2,9,1,F1.2.02,1158 x 6125,F2,,,
F2.2.028,F2s,2,9,2,F1.2.02,1158 x 6125,F2,,,
F2.1.027,F2s,2,9,3,F1.1.02,1158 x 6092,F2,,,
F2.5.026,F2s,2,9,4,F1.5.05,6024 x 8231,F2,,,
S2.2.02,F2s,2,9,5,S1.2.09,1158,selfed_parent,,,
F2.7.030,F2s,2,9,6,F1.7.09,8231 x 1158,F2,3,E,12
S2.7.02,F2s,2,10,1,S1.7.08,6125,selfed_parent,,,
F2.2.029,F2s,2,10,2,F1.2.02,1158 x 6125,F2,,,
F2.1.028,F2s,2,10,3,F1.1.02,1158 x 6092,F2,,,
F2.5.027,F2s,2,10,4,F1.5.05,6024 x 8231,F2,,,
NA,F2s,2,10,5,NA,NA,blank,,,
F2.2.030,F2s,2,10,6,F1.2.02,1158 x 6125,F2,,,
F2.5.028,F2s,2,11,1,F1.5.05,6024 x 8231,F2,,,
S2.03.02,F2s,2,11,2,S1.03.01,6024,selfed_parent,,,
F2.1.029,F2s,2,11,3,F1.1.02,1158 x 6092,F2,,,
F2.5.029,F2s,2,11,4,F1.5.05,6024 x 8231,F2,,,
F2.5.030,F2s,2,11,5,F1.5.05,6024 x 8231,F2,,,
F2.1.030,F2s,2,11,6,F1.1.02,1158 x 6092,F2,,,
F2.2.031,F2s,3,1,1,F1.2.02,1158 x 6125,F2,,,
F2.7.031,F2s,3,1,2,F1.7.09,8231 x 1158,F2,2,B,11
F2.5.031,F2s,3,1,3,F1.5.05,6024 x 8231,F2,,,
F2.2.032,F2s,3,1,4,F1.2.02,1158 x 6125,F2,,,
F2.1.031,F2s,3,1,5,F1.1.02,1158 x 6092,F2,,,
F2.5.032,F2s,3,1,6,F1.5.05,6024 x 8231,F2,,,
F2.2.033,F2s,3,2,1,F1.2.02,1158 x 6125,F2,,,
F2.2.034,F2s,3,2,2,F1.2.02,1158 x 6125,F2,,,
F2.7.032,F2s,3,2,3,F1.7.09,8231 x 1158,F2,2,A,12
F2.5.033,F2s,3,2,4,F1.5.05,6024 x 8231,F2,,,
F2.2.035,F2s,3,2,5,F1.2.02,1158 x 6125,F2,,,
F2.1.032,F2s,3,2,6,F1.1.02,1158 x 6092,F2,,,
F2.5.034,F2s,3,3,1,F1.5.05,6024 x 8231,F2,,,
F2.7.033,F2s,3,3,2,F1.7.09,8231 x 1158,F2,2,F,12
F2.7.034,F2s,3,3,3,F1.7.09,8231 x 1158,F2,2,D,12
F2.5.035,F2s,3,3,4,F1.5.05,6024 x 8231,F2,,,
F2.2.036,F2s,3,3,5,F1.2.02,1158 x 6125,F2,,,
F2.7.035,F2s,3,3,6,F1.7.09,8231 x 1158,F2,2,C,12
F2.5.036,F2s,3,4,1,F1.5.05,6024 x 8231,F2,,,
F2.1.033,F2s,3,4,2,F1.1.02,1158 x 6092,F2,,,
F2.1.034,F2s,3,4,3,F1.1.02,1158 x 6092,F2,,,
F2.2.037,F2s,3,4,4,F1.2.02,1158 x 6125,F2,,,
F2.5.037,F2s,3,4,5,F1.5.05,6024 x 8231,F2,,,
F2.2.038,F2s,3,4,6,F1.2.02,1158 x 6125,F2,,,
F2.5.038,F2s,3,5,1,F1.5.05,6024 x 8231,F2,,,
F2.5.039,F2s,3,5,2,F1.5.05,6024 x 8231,F2,,,
F2.5.040,F2s,3,5,3,F1.5.05,6024 x 8231,F2,,,
F2.5.041,F2s,3,5,4,F1.5.05,6024 x 8231,F2,,,
F2.2.039,F2s,3,5,5,F1.2.02,1158 x 6125,F2,,,
F2.7.036,F2s,3,5,6,F1.7.09,8231 x 1158,F2,2,H,11
F2.5.042,F2s,3,6,1,F1.5.05,6024 x 8231,F2,,,
F2.2.040,F2s,3,6,2,F1.2.02,1158 x 6125,F2,,,
S2.03.03,F2s,3,6,3,S1.03.01,6024,selfed_parent,,,
F2.1.035,F2s,3,6,4,F1.1.02,1158 x 6092,F2,,,
F2.5.043,F2s,3,6,5,F1.5.05,6024 x 8231,F2,,,
F2.7.037,F2s,3,6,6,F1.7.09,8231 x 1158,F2,2,C,11
F2.1.036,F2s,3,7,1,F1.1.02,1158 x 6092,F2,,,
F2.1.037,F2s,3,7,2,F1.1.02,1158 x 6092,F2,,,
F2.7.038,F2s,3,7,3,F1.7.09,8231 x 1158,F2,2,B,12
F2.1.038,F2s,3,7,4,F1.1.02,1158 x 6092,F2,,,
S2.5.03,F2s,3,7,5,S1.5.16,6092,selfed_parent,,,
S2.10.03,F2s,3,7,6,S1.10.01,8231,selfed_parent,,,
F2.1.039,F2s,3,8,1,F1.1.02,1158 x 6092,F2,,,
F2.5.044,F2s,3,8,2,F1.5.05,6024 x 8231,F2,,,
NA,F2s,3,8,3,NA,NA,blank,,,
F2.2.041,F2s,3,8,4,F1.2.02,1158 x 6125,F2,,,
S2.2.03,F2s,3,8,5,S1.2.09,1158,selfed_parent,,,
F2.2.042,F2s,3,8,6,F1.2.02,1158 x 6125,F2,,,
F2.7.039,F2s,3,9,1,F1.7.09,8231 x 1158,F2,2,G,12
F2.7.040,F2s,3,9,2,F1.7.09,8231 x 1158,F2,2,H,12
F2.5.045,F2s,3,9,3,F1.5.05,6024 x 8231,F2,,,
F2.1.040,F2s,3,9,4,F1.1.02,1158 x 6092,F2,,,
F2.1.041,F2s,3,9,5,F1.1.02,1158 x 6092,F2,,,
F2.1.042,F2s,3,9,6,F1.1.02,1158 x 6092,F2,,,
F2.7.041,F2s,3,10,1,F1.7.09,8231 x 1158,F2,2,G,11
F2.2.043,F2s,3,10,2,F1.2.02,1158 x 6125,F2,,,
F2.1.043,F2s,3,10,3,F1.1.02,1158 x 6092,F2,,,
F2.1.044,F2s,3,10,4,F1.1.02,1158 x 6092,F2,,,
F2.7.042,F2s,3,10,5,F1.7.09,8231 x 1158,F2,2,D,11
F2.7.043,F2s,3,10,6,F1.7.09,8231 x 1158,F2,2,E,11
F2.1.045,F2s,3,11,1,F1.1.02,1158 x 6092,F2,,,
F2.2.044,F2s,3,11,2,F1.2.02,1158 x 6125,F2,,,
S2.7.03,F2s,3,11,3,S1.7.08,6125,selfed_parent,,,
F2.7.044,F2s,3,11,4,F1.7.09,8231 x 1158,F2,2,F,11
F2.2.045,F2s,3,11,5,F1.2.02,1158 x 6125,F2,,,
F2.7.045,F2s,3,11,6,F1.7.09,8231 x 1158,F2,2,E,12
F2.5.046,F2s,4,1,1,F1.5.05,6024 x 8231,F2,,,
F2.5.047,F2s,4,1,2,F1.5.05,6024 x 8231,F2,,,
F2.2.046,F2s,4,1,3,F1.2.02,1158 x 6125,F2,,,
F2.1.046,F2s,4,1,4,F1.1.02,1158 x 6092,F2,,,
F2.2.047,F2s,4,1,5,F1.2.02,1158 x 6125,F2,,,
F2.7.046,F2s,4,1,6,F1.7.09,8231 x 1158,F2,,,
F2.7.047,F2s,4,2,1,F1.7.09,8231 x 1158,F2,,,
F2.7.048,F2s,4,2,2,F1.7.09,8231 x 1158,F2,3,D,10
F2.1.047,F2s,4,2,3,F1.1.02,1158 x 6092,F2,,,
F2.5.048,F2s,4,2,4,F1.5.05,6024 x 8231,F2,,,
F2.1.048,F2s,4,2,5,F1.1.02,1158 x 6092,F2,,,
F2.2.048,F2s,4,2,6,F1.2.02,1158 x 6125,F2,,,
F2.2.049,F2s,4,3,1,F1.2.02,1158 x 6125,F2,,,
F2.7.049,F2s,4,3,2,F1.7.09,8231 x 1158,F2,3,E,10
F2.1.049,F2s,4,3,3,F1.1.02,1158 x 6092,F2,,,
F2.7.050,F2s,4,3,4,F1.7.09,8231 x 1158,F2,3,C,10
S2.10.04,F2s,4,3,5,S1.10.01,8231,selfed_parent,,,
S2.03.04,F2s,4,3,6,S1.03.01,6024,selfed_parent,,,
F2.5.049,F2s,4,4,1,F1.5.05,6024 x 8231,F2,,,
F2.2.050,F2s,4,4,2,F1.2.02,1158 x 6125,F2,,,
NA,F2s,4,4,3,NA,NA,blank,,,
F2.2.051,F2s,4,4,4,F1.2.02,1158 x 6125,F2,,,
S2.7.04,F2s,4,4,5,S1.7.08,6125,selfed_parent,,,
F2.2.052,F2s,4,4,6,F1.2.02,1158 x 6125,F2,,,
F2.2.053,F2s,4,5,1,F1.2.02,1158 x 6125,F2,,,
F2.2.054,F2s,4,5,2,F1.2.02,1158 x 6125,F2,,,
F2.2.055,F2s,4,5,3,F1.2.02,1158 x 6125,F2,,,
F2.1.050,F2s,4,5,4,F1.1.02,1158 x 6092,F2,,,
S2.5.04,F2s,4,5,5,S1.5.16,6092,selfed_parent,,,
F2.7.051,F2s,4,5,6,F1.7.09,8231 x 1158,F2,3,B,10
F2.5.050,F2s,4,6,1,F1.5.05,6024 x 8231,F2,,,
F2.7.052,F2s,4,6,2,F1.7.09,8231 x 1158,F2,3,A,10
F2.7.053,F2s,4,6,3,F1.7.09,8231 x 1158,F2,,,
F2.1.051,F2s,4,6,4,F1.1.02,1158 x 6092,F2,,,
F2.5.051,F2s,4,6,5,F1.5.05,6024 x 8231,F2,,,
F2.1.052,F2s,4,6,6,F1.1.02,1158 x 6092,F2,,,
S2.2.04,F2s,4,7,1,S1.2.09,1158,selfed_parent,,,
F2.5.052,F2s,4,7,2,F1.5.05,6024 x 8231,F2,,,
F2.1.053,F2s,4,7,3,F1.1.02,1158 x 6092,F2,,,
F2.5.053,F2s,4,7,4,F1.5.05,6024 x 8231,F2,,,
F2.7.054,F2s,4,7,5,F1.7.09,8231 x 1158,F2,3,H,9
F2.1.054,F2s,4,7,6,F1.1.02,1158 x 6092,F2,,,
F2.7.055,F2s,4,8,1,F1.7.09,8231 x 1158,F2,3,F,9
F2.5.054,F2s,4,8,2,F1.5.05,6024 x 8231,F2,,,
F2.5.055,F2s,4,8,3,F1.5.05,6024 x 8231,F2,,,
F2.2.056,F2s,4,8,4,F1.2.02,1158 x 6125,F2,,,
F2.7.056,F2s,4,8,5,F1.7.09,8231 x 1158,F2,,,
F2.5.056,F2s,4,8,6,F1.5.05,6024 x 8231,F2,,,
F2.1.055,F2s,4,9,1,F1.1.02,1158 x 6092,F2,,,
F2.7.057,F2s,4,9,2,F1.7.09,8231 x 1158,F2,,,
F2.7.058,F2s,4,9,3,F1.7.09,8231 x 1158,F2,3,E,9
F2.2.057,F2s,4,9,4,F1.2.02,1158 x 6125,F2,,,
F2.7.059,F2s,4,9,5,F1.7.09,8231 x 1158,F2,3,D,9
F2.5.057,F2s,4,9,6,F1.5.05,6024 x 8231,F2,,,
F2.1.056,F2s,4,10,1,F1.1.02,1158 x 6092,F2,,,
F2.1.057,F2s,4,10,2,F1.1.02,1158 x 6092,F2,,,
F2.1.058,F2s,4,10,3,F1.1.02,1158 x 6092,F2,,,
F2.2.058,F2s,4,10,4,F1.2.02,1158 x 6125,F2,,,
F2.1.059,F2s,4,10,5,F1.1.02,1158 x 6092,F2,3,C,9
F2.2.059,F2s,4,10,6,F1.2.02,1158 x 6125,F2,,,
F2.5.058,F2s,4,11,1,F1.5.05,6024 x 8231,F2,,,
F2.7.060,F2s,4,11,2,F1.7.09,8231 x 1158,F2,3,G,9
F2.2.060,F2s,4,11,3,F1.2.02,1158 x 6125,F2,,,
F2.5.059,F2s,4,11,4,F1.5.05,6024 x 8231,F2,,,
F2.1.060,F2s,4,11,5,F1.1.02,1158 x 6092,F2,,,
F2.5.060,F2s,4,11,6,F1.5.05,6024 x 8231,F2,,,
F2.5.061,F2s,5,1,1,F1.5.05,6024 x 8231,F2,,,
F2.5.062,F2s,5,1,2,F1.5.05,6024 x 8231,F2,,,
F2.1.061,F2s,5,1,3,F1.1.02,1158 x 6092,F2,,,
F2.1.062,F2s,5,1,4,F1.1.02,1158 x 6092,F2,,,
F2.1.063,F2s,5,1,5,F1.1.02,1158 x 6092,F2,,,
F2.2.061,F2s,5,1,6,F1.2.02,1158 x 6125,F2,,,
F2.7.061,F2s,5,2,1,F1.7.09,8231 x 1158,F2,,,
F2.5.063,F2s,5,2,2,F1.5.05,6024 x 8231,F2,,,
F2.5.064,F2s,5,2,3,F1.5.05,6024 x 8231,F2,,,
F2.7.062,F2s,5,2,4,F1.7.09,8231 x 1158,F2,,,
F2.5.065,F2s,5,2,5,F1.5.05,6024 x 8231,F2,,,
F2.7.063,F2s,5,2,6,F1.7.09,8231 x 1158,F2,,,
S2.03.05,F2s,5,3,1,S1.03.01,6024,selfed_parent,,,
F2.2.062,F2s,5,3,2,F1.2.02,1158 x 6125,F2,,,
F2.7.064,F2s,5,3,3,F1.7.09,8231 x 1158,F2,,,
F2.7.065,F2s,5,3,4,F1.7.09,8231 x 1158,F2,,,
F2.7.066,F2s,5,3,5,F1.7.09,8231 x 1158,F2,,,
F2.2.063,F2s,5,3,6,F1.2.02,1158 x 6125,F2,,,
F2.2.064,F2s,5,4,1,F1.2.02,1158 x 6125,F2,,,
F2.2.065,F2s,5,4,2,F1.2.02,1158 x 6125,F2,,,
F2.7.067,F2s,5,4,3,F1.7.09,8231 x 1158,F2,,,
F2.2.066,F2s,5,4,4,F1.2.02,1158 x 6125,F2,,,
F2.7.068,F2s,5,4,5,F1.7.09,8231 x 1158,F2,,,
F2.2.067,F2s,5,4,6,F1.2.02,1158 x 6125,F2,,,
F2.2.068,F2s,5,5,1,F1.2.02,1158 x 6125,F2,,,
F2.1.064,F2s,5,5,2,F1.1.02,1158 x 6092,F2,,,
F2.2.069,F2s,5,5,3,F1.2.02,1158 x 6125,F2,,,
F2.2.070,F2s,5,5,4,F1.2.02,1158 x 6125,F2,,,
F2.5.066,F2s,5,5,5,F1.5.05,6024 x 8231,F2,,,
F2.1.065,F2s,5,5,6,F1.1.02,1158 x 6092,F2,,,
S2.2.05,F2s,5,6,1,S1.2.09,1158,selfed_parent,,,
F2.1.066,F2s,5,6,2,F1.1.02,1158 x 6092,F2,,,
F2.2.071,F2s,5,6,3,F1.2.02,1158 x 6125,F2,,,
S2.5.05,F2s,5,6,4,S1.5.16,6092,selfed_parent,,,
F2.7.069,F2s,5,6,5,F1.7.09,8231 x 1158,F2,,,
F2.1.067,F2s,5,6,6,F1.1.02,1158 x 6092,F2,,,
F2.5.067,F2s,5,7,1,F1.5.05,6024 x 8231,F2,,,
F2.7.070,F2s,5,7,2,F1.7.09,8231 x 1158,F2,,,
F2.2.072,F2s,5,7,3,F1.2.02,1158 x 6125,F2,,,
F2.5.068,F2s,5,7,4,F1.5.05,6024 x 8231,F2,,,
F2.1.068,F2s,5,7,5,F1.1.02,1158 x 6092,F2,,,
F2.7.071,F2s,5,7,6,F1.7.09,8231 x 1158,F2,2,G,10
F2.7.072,F2s,5,8,1,F1.7.09,8231 x 1158,F2,2,F,10
F2.2.073,F2s,5,8,2,F1.2.02,1158 x 6125,F2,,,
F2.7.073,F2s,5,8,3,F1.7.09,8231 x 1158,F2,2,E,10
F2.1.069,F2s,5,8,4,F1.1.02,1158 x 6092,F2,,,
F2.1.070,F2s,5,8,5,F1.1.02,1158 x 6092,F2,,,
F2.1.071,F2s,5,8,6,F1.1.02,1158 x 6092,F2,,,
F2.5.069,F2s,5,9,1,F1.5.05,6024 x 8231,F2,,,
F2.1.072,F2s,5,9,2,F1.1.02,1158 x 6092,F2,,,
F2.5.070,F2s,5,9,3,F1.5.05,6024 x 8231,F2,,,
F2.1.073,F2s,5,9,4,F1.1.02,1158 x 6092,F2,,,
F2.1.074,F2s,5,9,5,F1.1.02,1158 x 6092,F2,,,
F2.7.074,F2s,5,9,6,F1.7.09,8231 x 1158,F2,2,H,10
F2.5.071,F2s,5,10,1,F1.5.05,6024 x 8231,F2,,,
F2.5.072,F2s,5,10,2,F1.5.05,6024 x 8231,F2,,,
F2.7.075,F2s,5,10,3,F1.7.09,8231 x 1158,F2,,,
F2.5.073,F2s,5,10,4,F1.5.05,6024 x 8231,F2,,,
F2.2.074,F2s,5,10,5,F1.2.02,1158 x 6125,F2,,,
F2.5.074,F2s,5,10,6,F1.5.05,6024 x 8231,F2,,,
F2.5.075,F2s,5,11,1,F1.5.05,6024 x 8231,F2,,,
NA,F2s,5,11,2,NA,NA,blank,,,
S2.7.05,F2s,5,11,3,S1.7.08,6125,selfed_parent,,,
S2.10.05,F2s,5,11,4,S1.10.01,8231,selfed_parent,,,
F2.1.075,F2s,5,11,5,F1.1.02,1158 x 6092,F2,,,
F2.2.075,F2s,5,11,6,F1.2.02,1158 x 6125,F2,,,
F2.5.076,F2s,6,1,1,F1.5.05,6024 x 8231,F2,,,
F2.7.076,F2s,6,1,2,F1.7.09,8231 x 1158,F2,3,B,9
F2.2.076,F2s,6,1,3,F1.2.02,1158 x 6125,F2,,,
F2.1.076,F2s,6,1,4,F1.1.02,1158 x 6092,F2,,,
S2.7.06,F2s,6,1,5,S1.7.08,6125,selfed_parent,,,
F2.2.077,F2s,6,1,6,F1.2.02,1158 x 6125,F2,,,
F2.1.077,F2s,6,2,1,F1.1.02,1158 x 6092,F2,,,
F2.5.077,F2s,6,2,2,F1.5.05,6024 x 8231,F2,,,
F2.5.078,F2s,6,2,3,F1.5.05,6024 x 8231,F2,,,
F2.2.078,F2s,6,2,4,F1.2.02,1158 x 6125,F2,,,
F2.1.078,F2s,6,2,5,F1.1.02,1158 x 6092,F2,,,
F2.1.079,F2s,6,2,6,F1.1.02,1158 x 6092,F2,,,
F2.2.079,F2s,6,3,1,F1.2.02,1158 x 6125,F2,,,
F2.1.080,F2s,6,3,2,F1.1.02,1158 x 6092,F2,,,
F2.5.079,F2s,6,3,3,F1.5.05,6024 x 8231,F2,,,
F2.7.077,F2s,6,3,4,F1.7.09,8231 x 1158,F2,3,H,8
F2.5.080,F2s,6,3,5,F1.5.05,6024 x 8231,F2,,,
F2.5.081,F2s,6,3,6,F1.5.05,6024 x 8231,F2,,,
F2.5.082,F2s,6,4,1,F1.5.05,6024 x 8231,F2,,,
S2.03.06,F2s,6,4,2,S1.03.01,6024,selfed_parent,,,
F2.7.078,F2s,6,4,3,F1.7.09,8231 x 1158,F2,3,D,8
F2.7.079,F2s,6,4,4,F1.7.09,8231 x 1158,F2,3,A,9
F2.7.080,F2s,6,4,5,F1.7.09,8231 x 1158,F2,3,F,8
F2.5.083,F2s,6,4,6,F1.5.05,6024 x 8231,F2,,,
F2.5.084,F2s,6,5,1,F1.5.05,6024 x 8231,F2,,,
F2.2.080,F2s,6,5,2,F1.2.02,1158 x 6125,F2,,,
F2.7.081,F2s,6,5,3,F1.7.09,8231 x 1158,F2,3,G,8
F2.1.081,F2s,6,5,4,F1.1.02,1158 x 6092,F2,,,
F2.2.081,F2s,6,5,5,F1.2.02,1158 x 6125,F2,,,
F2.7.082,F2s,6,5,6,F1.7.09,8231 x 1158,F2,3,E,8
F2.5.085,F2s,6,6,1,F1.5.05,6024 x 8231,F2,,,
F2.2.082,F2s,6,6,2,F1.2.02,1158 x 6125,F2,,,
F2.2.083,F2s,6,6,3,F1.2.02,1158 x 6125,F2,,,
F2.1.082,F2s,6,6,4,F1.1.02,1158 x 6092,F2,,,
F2.7.083,F2s,6,6,5,F1.7.09,8231 x 1158,F2,3,E,7
F2.7.084,F2s,6,6,6,F1.7.09,8231 x 1158,F2,3,C,8
F2.5.086,F2s,6,7,1,F1.5.05,6024 x 8231,F2,,,
F2.1.083,F2s,6,7,2,F1.1.02,1158 x 6092,F2,,,
F2.2.084,F2s,6,7,3,F1.2.02,1158 x 6125,F2,,,
F2.5.087,F2s,6,7,4,F1.5.05,6024 x 8231,F2,,,
S2.5.06,F2s,6,7,5,S1.5.16,6092,selfed_parent,,,
F2.1.084,F2s,6,7,6,F1.1.02,1158 x 6092,F2,,,
F2.7.085,F2s,6,8,1,F1.7.09,8231 x 1158,F2,3,F,7
F2.1.085,F2s,6,8,2,F1.1.02,1158 x 6092,F2,,,
F2.7.086,F2s,6,8,3,F1.7.09,8231 x 1158,F2,3,B,8
F2.1.086,F2s,6,8,4,F1.1.02,1158 x 6092,F2,,,
F2.7.087,F2s,6,8,5,F1.7.09,8231 x 1158,F2,3,A,8
F2.7.088,F2s,6,8,6,F1.7.09,8231 x 1158,F2,3,G,7
F2.7.089,F2s,6,9,1,F1.7.09,8231 x 1158,F2,3,H,7
F2.5.088,F2s,6,9,2,F1.5.05,6024 x 8231,F2,,,
F2.2.085,F2s,6,9,3,F1.2.02,1158 x 6125,F2,,,
NA,F2s,6,9,4,NA,NA,blank,,,
F2.2.086,F2s,6,9,5,F1.2.02,1158 x 6125,F2,,,
S2.2.06,F2s,6,9,6,S1.2.09,1158,selfed_parent,,,
F2.1.087,F2s,6,10,1,F1.1.02,1158 x 6092,F2,,,
F2.1.088,F2s,6,10,2,F1.1.02,1158 x 6092,F2,,,
F2.1.089,F2s,6,10,3,F1.1.02,1158 x 6092,F2,,,
F2.2.087,F2s,6,10,4,F1.2.02,1158 x 6125,F2,,,
F2.5.089,F2s,6,10,5,F1.5.05,6024 x 8231,F2,,,
F2.1.090,F2s,6,10,6,F1.1.02,1158 x 6092,F2,,,
F2.7.090,F2s,6,11,1,F1.7.09,8231 x 1158,F2,3,D,7
F2.5.090,F2s,6,11,2,F1.5.05,6024 x 8231,F2,,,
F2.2.088,F2s,6,11,3,F1.2.02,1158 x 6125,F2,,,
F2.2.089,F2s,6,11,4,F1.2.02,1158 x 6125,F2,,,
F2.2.090,F2s,6,11,5,F1.2.02,1158 x 6125,F2,,,
S2.10.06,F2s,6,11,6,S1.10.01,8231,selfed_parent,,,
S2.7.07,F2s,7,1,1,S1.7.08,6125,selfed_parent,,,
F2.1.091,F2s,7,1,2,F1.1.02,1158 x 6092,F2,,,
F2.7.091,F2s,7,1,3,F1.7.09,8231 x 1158,F2,4,A,1
F2.5.091,F2s,7,1,4,F1.5.05,6024 x 8231,F2,,,
F2.1.092,F2s,7,1,5,F1.1.02,1158 x 6092,F2,,,
F2.5.092,F2s,7,1,6,F1.5.05,6024 x 8231,F2,,,
F2.2.091,F2s,7,2,1,F1.2.02,1158 x 6125,F2,,,
F2.1.093,F2s,7,2,2,F1.1.02,1158 x 6092,F2,,,
F2.5.093,F2s,7,2,3,F1.5.05,6024 x 8231,F2,,,
F2.7.092,F2s,7,2,4,F1.7.09,8231 x 1158,F2,4,B,1
F2.2.092,F2s,7,2,5,F1.2.02,1158 x 6125,F2,,,
F2.5.094,F2s,7,2,6,F1.5.05,6024 x 8231,F2,,,
F2.2.093,F2s,7,3,1,F1.2.02,1158 x 6125,F2,,,
F2.2.094,F2s,7,3,2,F1.2.02,1158 x 6125,F2,,,
S2.2.07,F2s,7,3,3,S1.2.09,1158,selfed_parent,,,
F2.1.094,F2s,7,3,4,F1.1.02,1158 x 6092,F2,,,
F2.1.095,F2s,7,3,5,F1.1.02,1158 x 6092,F2,,,
F2.7.093,F2s,7,3,6,F1.7.09,8231 x 1158,F2,4,C,1
S2.10.07,F2s,7,4,1,S1.10.01,8231,selfed_parent,,,
F2.2.095,F2s,7,4,2,F1.2.02,1158 x 6125,F2,,,
F2.1.096,F2s,7,4,3,F1.1.02,1158 x 6092,F2,,,
F2.2.096,F2s,7,4,4,F1.2.02,1158 x 6125,F2,,,
F2.7.094,F2s,7,4,5,F1.7.09,8231 x 1158,F2,4,D,1
F2.2.097,F2s,7,4,6,F1.2.02,1158 x 6125,F2,,,
F2.1.097,F2s,7,5,1,F1.1.02,1158 x 6092,F2,,,
F2.1.098,F2s,7,5,2,F1.1.02,1158 x 6092,F2,,,
F2.1.099,F2s,7,5,3,F1.1.02,1158 x 6092,F2,,,
F2.7.095,F2s,7,5,4,F1.7.09,8231 x 1158,F2,4,E,1
F2.1.100,F2s,7,5,5,F1.1.02,1158 x 6092,F2,,,
F2.7.096,F2s,7,5,6,F1.7.09,8231 x 1158,F2,4,F,1
F2.7.097,F2s,7,6,1,F1.7.09,8231 x 1158,F2,4,G,1
F2.2.098,F2s,7,6,2,F1.2.02,1158 x 6125,F2,,,
S2.5.07,F2s,7,6,3,S1.5.16,6092,selfed_parent,,,
F2.5.095,F2s,7,6,4,F1.5.05,6024 x 8231,F2,,,
F2.5.096,F2s,7,6,5,F1.5.05,6024 x 8231,F2,,,
F2.5.097,F2s,7,6,6,F1.5.05,6024 x 8231,F2,,,
F2.1.101,F2s,7,7,1,F1.1.02,1158 x 6092,F2,,,
F2.1.102,F2s,7,7,2,F1.1.02,1158 x 6092,F2,,,
S2.03.07,F2s,7,7,3,S1.03.01,6024,selfed_parent,,,
F2.2.099,F2s,7,7,4,F1.2.02,1158 x 6125,F2,,,
F2.2.100,F2s,7,7,5,F1.2.02,1158 x 6125,F2,,,
F2.2.101,F2s,7,7,6,F1.2.02,1158 x 6125,F2,,,
F2.2.102,F2s,7,8,1,F1.2.02,1158 x 6125,F2,,,
F2.7.098,F2s,7,8,2,F1.7.09,8231 x 1158,F2,4,B,2
F2.7.099,F2s,7,8,3,F1.7.09,8231 x 1158,F2,4,A,2
F2.5.098,F2s,7,8,4,F1.5.05,6024 x 8231,F2,,,
F2.5.099,F2s,7,8,5,F1.5.05,6024 x 8231,F2,,,
F2.7.100,F2s,7,8,6,F1.7.09,8231 x 1158,F2,4,H,1
F2.1.103,F2s,7,9,1,F1.1.02,1158 x 6092,F2,,,
F2.2.103,F2s,7,9,2,F1.2.02,1158 x 6125,F2,,,
F2.2.104,F2s,7,9,3,F1.2.02,1158 x 6125,F2,,,
NA,F2s,7,9,4,NA,NA,blank,,,
F2.5.100,F2s,7,9,5,F1.5.05,6024 x 8231,F2,,,
F2.7.101,F2s,7,9,6,F1.7.09,8231 x 1158,F2,4,D,2
F2.5.101,F2s,7,10,1,F1.5.05,6024 x 8231,F2,,,
F2.1.104,F2s,7,10,2,F1.1.02,1158 x 6092,F2,,,
F2.2.105,F2s,7,10,3,F1.2.02,1158 x 6125,F2,,,
F2.7.102,F2s,7,10,4,F1.7.09,8231 x 1158,F2,3,G,12
F2.5.102,F2s,7,10,5,F1.5.05,6024 x 8231,F2,,,
F2.1.105,F2s,7,10,6,F1.1.02,1158 x 6092,F2,,,
F2.5.103,F2s,7,11,1,F1.5.05,6024 x 8231,F2,,,
F2.7.103,F2s,7,11,2,F1.7.09,8231 x 1158,F2,3,H,12
F2.5.104,F2s,7,11,3,F1.5.05,6024 x 8231,F2,,,
F2.5.105,F2s,7,11,4,F1.5.05,6024 x 8231,F2,,,
F2.7.104,F2s,7,11,5,F1.7.09,8231 x 1158,F2,4,E,2
F2.7.105,F2s,7,11,6,F1.7.09,8231 x 1158,F2,4,C,2
F2.7.106,F2s,8,1,1,F1.7.09,8231 x 1158,F2,3,E,2
F2.7.107,F2s,8,1,2,F1.7.09,8231 x 1158,F2,3,D,2
F2.1.106,F2s,8,1,3,F1.1.02,1158 x 6092,F2,,,
F2.1.107,F2s,8,1,4,F1.1.02,1158 x 6092,F2,,,
F2.1.108,F2s,8,1,5,F1.1.02,1158 x 6092,F2,,,
F2.2.106,F2s,8,1,6,F1.2.02,1158 x 6125,F2,,,
F2.2.107,F2s,8,2,1,F1.2.02,1158 x 6125,F2,,,
S2.03.08,F2s,8,2,2,S1.03.01,6024,selfed_parent,,,
F2.2.108,F2s,8,2,3,F1.2.02,1158 x 6125,F2,,,
F2.5.106,F2s,8,2,4,F1.5.05,6024 x 8231,F2,,,
F2.5.107,F2s,8,2,5,F1.5.05,6024 x 8231,F2,,,
F2.5.108,F2s,8,2,6,F1.5.05,6024 x 8231,F2,,,
F2.5.109,F2s,8,3,1,F1.5.05,6024 x 8231,F2,,,
F2.7.108,F2s,8,3,2,F1.7.09,8231 x 1158,F2,3,C,1
S2.5.08,F2s,8,3,3,S1.5.16,6092,selfed_parent,,,
F2.2.109,F2s,8,3,4,F1.2.02,1158 x 6125,F2,,,
F2.5.110,F2s,8,3,5,F1.5.05,6024 x 8231,F2,,,
F2.5.111,F2s,8,3,6,F1.5.05,6024 x 8231,F2,,,
F2.2.110,F2s,8,4,1,F1.2.02,1158 x 6125,F2,,,
F2.5.112,F2s,8,4,2,F1.5.05,6024 x 8231,F2,,,
F2.7.109,F2s,8,4,3,F1.7.09,8231 x 1158,F2,3,B,1
S2.2.08,F2s,8,4,4,S1.2.09,1158,selfed_parent,,,
F2.7.110,F2s,8,4,5,F1.7.09,8231 x 1158,F2,3,A,1
F2.5.113,F2s,8,4,6,F1.5.05,6024 x 8231,F2,,,
F2.5.114,F2s,8,5,1,F1.5.05,6024 x 8231,F2,,,
F2.7.111,F2s,8,5,2,F1.7.09,8231 x 1158,F2,3,D,1
F2.1.109,F2s,8,5,3,F1.1.02,1158 x 6092,F2,,,
F2.2.111,F2s,8,5,4,F1.2.02,1158 x 6125,F2,,,
F2.2.112,F2s,8,5,5,F1.2.02,1158 x 6125,F2,,,
F2.1.110,F2s,8,5,6,F1.1.02,1158 x 6092,F2,,,
F2.1.111,F2s,8,6,1,F1.1.02,1158 x 6092,F2,,,
F2.7.112,F2s,8,6,2,F1.7.09,8231 x 1158,F2,3,H,1
F2.2.113,F2s,8,6,3,F1.2.02,1158 x 6125,F2,,,
F2.7.113,F2s,8,6,4,F1.7.09,8231 x 1158,F2,3,B,2
F2.5.115,F2s,8,6,5,F1.5.05,6024 x 8231,F2,,,
NA,F2s,8,6,6,NA,NA,blank,,,
F2.2.114,F2s,8,7,1,F1.2.02,1158 x 6125,F2,,,
F2.2.115,F2s,8,7,2,F1.2.02,1158 x 6125,F2,,,
F2.1.112,F2s,8,7,3,F1.1.02,1158 x 6092,F2,,,
F2.2.116,F2s,8,7,4,F1.2.02,1158 x 6125,F2,,,
F2.1.113,F2s,8,7,5,F1.1.02,1158 x 6092,F2,,,
F2.1.114,F2s,8,7,6,F1.1.02,1158 x 6092,F2,,,
F2.2.117,F2s,8,8,1,F1.2.02,1158 x 6125,F2,,,
F2.7.114,F2s,8,8,2,F1.7.09,8231 x 1158,F2,3,F,1
F2.7.115,F2s,8,8,3,F1.7.09,8231 x 1158,F2,,,
S2.7.08,F2s,8,8,4,S1.7.08,6125,selfed_parent,,,
F2.7.116,F2s,8,8,5,F1.7.09,8231 x 1158,F2,3,G,1
F2.5.116,F2s,8,8,6,F1.5.05,6024 x 8231,F2,,,
F2.2.118,F2s,8,9,1,F1.2.02,1158 x 6125,F2,,,
F2.1.115,F2s,8,9,2,F1.1.02,1158 x 6092,F2,,,
F2.7.117,F2s,8,9,3,F1.7.09,8231 x 1158,F2,3,A,2
F2.5.117,F2s,8,9,4,F1.5.05,6024 x 8231,F2,,,
F2.5.118,F2s,8,9,5,F1.5.05,6024 x 8231,F2,,,
F2.1.116,F2s,8,9,6,F1.1.02,1158 x 6092,F2,,,
F2.7.118,F2s,8,10,1,F1.7.09,8231 x 1158,F2,,,
F2.7.119,F2s,8,10,2,F1.7.09,8231 x 1158,F2,3,E,1
F2.1.117,F2s,8,10,3,F1.1.02,1158 x 6092,F2,,,
F2.1.118,F2s,8,10,4,F1.1.02,1158 x 6092,F2,,,
S2.10.08,F2s,8,10,5,S1.10.01,8231,selfed_parent,,,
F2.1.119,F2s,8,10,6,F1.1.02,1158 x 6092,F2,,,
F2.2.119,F2s,8,11,1,F1.2.02,1158 x 6125,F2,,,
F2.7.120,F2s,8,11,2,F1.7.09,8231 x 1158,F2,3,C,2
F2.2.120,F2s,8,11,3,F1.2.02,1158 x 6125,F2,,,
F2.5.119,F2s,8,11,4,F1.5.05,6024 x 8231,F2,,,
F2.5.120,F2s,8,11,5,F1.5.05,6024 x 8231,F2,,,
F2.1.120,F2s,8,11,6,F1.1.02,1158 x 6092,F2,,,
F2.5.121,F2s,9,1,1,F1.5.05,6024 x 8231,F2,,,
F2.7.121,F2s,9,1,2,F1.7.09,8231 x 1158,F2,,,
F2.7.122,F2s,9,1,3,F1.7.09,8231 x 1158,F2,2,F,7
F2.2.121,F2s,9,1,4,F1.2.02,1158 x 6125,F2,,,
F2.2.122,F2s,9,1,5,F1.2.02,1158 x 6125,F2,,,
F2.2.123,F2s,9,1,6,F1.2.02,1158 x 6125,F2,,,
F2.2.124,F2s,9,2,1,F1.2.02,1158 x 6125,F2,,,
F2.1.121,F2s,9,2,2,F1.1.02,1158 x 6092,F2,,,
F2.1.122,F2s,9,2,3,F1.1.02,1158 x 6092,F2,,,
F2.7.123,F2s,9,2,4,F1.7.09,8231 x 1158,F2,2,B,7
F2.1.123,F2s,9,2,5,F1.1.02,1158 x 6092,F2,,,
F2.7.124,F2s,9,2,6,F1.7.09,8231 x 1158,F2,2,H,6
S2.10.09,F2s,9,3,1,S1.10.01,8231,selfed_parent,,,
F2.1.124,F2s,9,3,2,F1.1.02,1158 x 6092,F2,,,
F2.5.122,F2s,9,3,3,F1.5.05,6024 x 8231,F2,,,
NA,F2s,9,3,4,NA,NA,blank,,,
F2.1.125,F2s,9,3,5,F1.1.02,1158 x 6092,F2,,,
S2.2.09,F2s,9,3,6,S1.2.09,1158,selfed_parent,,,
F2.5.123,F2s,9,4,1,F1.5.05,6024 x 8231,F2,,,
F2.7.125,F2s,9,4,2,F1.7.09,8231 x 1158,F2,2,C,6
F2.7.126,F2s,9,4,3,F1.7.09,8231 x 1158,F2,2,B,6
F2.1.126,F2s,9,4,4,F1.1.02,1158 x 6092,F2,,,
S2.5.09,F2s,9,4,5,S1.5.16,6092,selfed_parent,,,
F2.1.127,F2s,9,4,6,F1.1.02,1158 x 6092,F2,,,
F2.1.128,F2s,9,5,1,F1.1.02,1158 x 6092,F2,,,
F2.2.125,F2s,9,5,2,F1.2.02,1158 x 6125,F2,,,
F2.2.126,F2s,9,5,3,F1.2.02,1158 x 6125,F2,,,
F2.1.129,F2s,9,5,4,F1.1.02,1158 x 6092,F2,,,
F2.2.127,F2s,9,5,5,F1.2.02,1158 x 6125,F2,,,
F2.2.128,F2s,9,5,6,F1.2.02,1158 x 6125,F2,,,
F2.2.129,F2s,9,6,1,F1.2.02,1158 x 6125,F2,,,
F2.5.124,F2s,9,6,2,F1.5.05,6024 x 8231,F2,,,
F2.5.125,F2s,9,6,3,F1.5.05,6024 x 8231,F2,,,
F2.7.127,F2s,9,6,4,F1.7.09,8231 x 1158,F2,2,A,7
F2.7.128,F2s,9,6,5,F1.7.09,8231 x 1158,F2,2,C,7
F2.1.130,F2s,9,6,6,F1.1.02,1158 x 6092,F2,,,
F2.1.131,F2s,9,7,1,F1.1.02,1158 x 6092,F2,,,
S2.7.09,F2s,9,7,2,S1.7.08,6125,selfed_parent,,,
F2.2.130,F2s,9,7,3,F1.2.02,1158 x 6125,F2,,,
F2.5.126,F2s,9,7,4,F1.5.05,6024 x 8231,F2,,,
F2.7.129,F2s,9,7,5,F1.7.09,8231 x 1158,F2,2,D,6
F2.1.132,F2s,9,7,6,F1.1.02,1158 x 6092,F2,,,
F2.2.131,F2s,9,8,1,F1.2.02,1158 x 6125,F2,,,
F2.2.132,F2s,9,8,2,F1.2.02,1158 x 6125,F2,,,
F2.1.133,F2s,9,8,3,F1.1.02,1158 x 6092,F2,,,
F2.2.133,F2s,9,8,4,F1.2.02,1158 x 6125,F2,,,
F2.7.130,F2s,9,8,5,F1.7.09,8231 x 1158,F2,,,
F2.7.131,F2s,9,8,6,F1.7.09,8231 x 1158,F2,2,D,7
F2.7.132,F2s,9,9,1,F1.7.09,8231 x 1158,F2,2,E,7
F2.2.134,F2s,9,9,2,F1.2.02,1158 x 6125,F2,,,
F2.1.134,F2s,9,9,3,F1.1.02,1158 x 6092,F2,,,
F2.5.127,F2s,9,9,4,F1.5.05,6024 x 8231,F2,,,
F2.5.128,F2s,9,9,5,F1.5.05,6024 x 8231,F2,,,
F2.5.129,F2s,9,9,6,F1.5.05,6024 x 8231,F2,,,
F2.5.130,F2s,9,10,1,F1.5.05,6024 x 8231,F2,,,
F2.5.131,F2s,9,10,2,F1.5.05,6024 x 8231,F2,,,
F2.7.133,F2s,9,10,3,F1.7.09,8231 x 1158,F2,2,E,6
S2.03.09,F2s,9,10,4,S1.03.01,6024,selfed_parent,,,
F2.2.135,F2s,9,10,5,F1.2.02,1158 x 6125,F2,,,
F2.7.134,F2s,9,10,6,F1.7.09,8231 x 1158,F2,2,F,6
F2.5.132,F2s,9,11,1,F1.5.05,6024 x 8231,F2,,,
F2.5.133,F2s,9,11,2,F1.5.05,6024 x 8231,F2,,,
F2.7.135,F2s,9,11,3,F1.7.09,8231 x 1158,F2,2,G,6
F2.5.134,F2s,9,11,4,F1.5.05,6024 x 8231,F2,,,
F2.5.135,F2s,9,11,5,F1.5.05,6024 x 8231,F2,,,
F2.1.135,F2s,9,11,6,F1.1.02,1158 x 6092,F2,,,
F2.7.136,F2s,10,1,1,F1.7.09,8231 x 1158,F2,3,C,4
F2.7.137,F2s,10,1,2,F1.7.09,8231 x 1158,F2,3,D,4
F2.5.136,F2s,10,1,3,F1.5.05,6024 x 8231,F2,,,
F2.2.136,F2s,10,1,4,F1.2.02,1158 x 6125,F2,,,
F2.7.138,F2s,10,1,5,F1.7.09,8231 x 1158,F2,3,E,4
F2.7.139,F2s,10,1,6,F1.7.09,8231 x 1158,F2,3,F,4
F2.1.136,F2s,10,2,1,F1.1.02,1158 x 6092,F2,,,
F2.7.140,F2s,10,2,2,F1.7.09,8231 x 1158,F2,3,G,4
F2.1.137,F2s,10,2,3,F1.1.02,1158 x 6092,F2,,,
F2.2.137,F2s,10,2,4,F1.2.02,1158 x 6125,F2,,,
F2.2.138,F2s,10,2,5,F1.2.02,1158 x 6125,F2,,,
F2.2.139,F2s,10,2,6,F1.2.02,1158 x 6125,F2,,,
F2.2.140,F2s,10,3,1,F1.2.02,1158 x 6125,F2,,,
F2.1.138,F2s,10,3,2,F1.1.02,1158 x 6092,F2,,,
F2.1.139,F2s,10,3,3,F1.1.02,1158 x 6092,F2,,,
S2.03.10,F2s,10,3,4,S1.03.01,6024,selfed_parent,,,
NA,F2s,10,3,5,NA,NA,blank,,,
F2.7.141,F2s,10,3,6,F1.7.09,8231 x 1158,F2,3,H,4
F2.1.140,F2s,10,4,1,F1.1.02,1158 x 6092,F2,,,
F2.7.142,F2s,10,4,2,F1.7.09,8231 x 1158,F2,3,A,5
F2.5.137,F2s,10,4,3,F1.5.05,6024 x 8231,F2,,,
F2.2.141,F2s,10,4,4,F1.2.02,1158 x 6125,F2,,,
F2.5.138,F2s,10,4,5,F1.5.05,6024 x 8231,F2,,,
F2.1.141,F2s,10,4,6,F1.1.02,1158 x 6092,F2,,,
F2.5.139,F2s,10,5,1,F1.5.05,6024 x 8231,F2,,,
S2.2.10,F2s,10,5,2,S1.2.09,1158,selfed_parent,,,
F2.2.142,F2s,10,5,3,F1.2.02,1158 x 6125,F2,,,
S2.7.10,F2s,10,5,4,S1.7.08,6125,selfed_parent,,,
F2.1.142,F2s,10,5,5,F1.1.02,1158 x 6092,F2,,,
F2.7.143,F2s,10,5,6,F1.7.09,8231 x 1158,F2,3,C,5
F2.7.144,F2s,10,6,1,F1.7.09,8231 x 1158,F2,3,B,5
F2.2.143,F2s,10,6,2,F1.2.02,1158 x 6125,F2,,,
F2.1.143,F2s,10,6,3,F1.1.02,1158 x 6092,F2,,,
F2.1.144,F2s,10,6,4,F1.1.02,1158 x 6092,F2,,,
F2.5.140,F2s,10,6,5,F1.5.05,6024 x 8231,F2,,,
F2.2.144,F2s,10,6,6,F1.2.02,1158 x 6125,F2,,,
F2.5.141,F2s,10,7,1,F1.5.05,6024 x 8231,F2,,,
F2.7.145,F2s,10,7,2,F1.7.09,8231 x 1158,F2,3,D,5
F2.5.142,F2s,10,7,3,F1.5.05,6024 x 8231,F2,,,
F2.1.145,F2s,10,7,4,F1.1.02,1158 x 6092,F2,,,
F2.5.143,F2s,10,7,5,F1.5.05,6024 x 8231,F2,,,
F2.5.144,F2s,10,7,6,F1.5.05,6024 x 8231,F2,,,
F2.2.145,F2s,10,8,1,F1.2.02,1158 x 6125,F2,,,
F2.7.146,F2s,10,8,2,F1.7.09,8231 x 1158,F2,3,E,5
F2.2.146,F2s,10,8,3,F1.2.02,1158 x 6125,F2,,,
S2.10.10,F2s,10,8,4,S1.10.01,8231,selfed_parent,,,
F2.5.145,F2s,10,8,5,F1.5.05,6024 x 8231,F2,,,
F2.7.147,F2s,10,8,6,F1.7.09,8231 x 1158,F2,3,F,5
F2.1.146,F2s,10,9,1,F1.1.02,1158 x 6092,F2,,,
F2.5.146,F2s,10,9,2,F1.5.05,6024 x 8231,F2,,,
F2.7.148,F2s,10,9,3,F1.7.09,8231 x 1158,F2,3,G,5
F2.1.147,F2s,10,9,4,F1.1.02,1158 x 6092,F2,,,
F2.7.149,F2s,10,9,5,F1.7.09,8231 x 1158,F2,3,H,5
F2.7.150,F2s,10,9,6,F1.7.09,8231 x 1158,F2,3,A,6
F2.1.148,F2s,10,10,1,F1.1.02,1158 x 6092,F2,,,
F2.1.149,F2s,10,10,2,F1.1.02,1158 x 6092,F2,,,
F2.5.147,F2s,10,10,3,F1.5.05,6024 x 8231,F2,,,
F2.5.148,F2s,10,10,4,F1.5.05,6024 x 8231,F2,,,
F2.5.149,F2s,10,10,5,F1.5.05,6024 x 8231,F2,,,
F2.2.147,F2s,10,10,6,F1.2.02,1158 x 6125,F2,,,
F2.1.150,F2s,10,11,1,F1.1.02,1158 x 6092,F2,,,
F2.2.148,F2s,10,11,2,F1.2.02,1158 x 6125,F2,,,
F2.5.150,F2s,10,11,3,F1.5.05,6024 x 8231,F2,,,
S2.5.10,F2s,10,11,4,S1.5.16,6092,selfed_parent,,,
F2.2.149,F2s,10,11,5,F1.2.02,1158 x 6125,F2,,,
F2.2.150,F2s,10,11,6,F1.2.02,1158 x 6125,F2,,,
F2.1.151,F2s,11,1,1,F1.1.02,1158 x 6092,F2,,,
F2.7.151,F2s,11,1,2,F1.7.09,8231 x 1158,F2,2,C,9
F2.2.151,F2s,11,1,3,F1.2.02,1158 x 6125,F2,,,
F2.2.152,F2s,11,1,4,F1.2.02,1158 x 6125,F2,,,
F2.7.152,F2s,11,1,5,F1.7.09,8231 x 1158,F2,,,
F2.1.152,F2s,11,1,6,F1.1.02,1158 x 6092,F2,,,
F2.2.153,F2s,11,2,1,F1.2.02,1158 x 6125,F2,,,
F2.2.154,F2s,11,2,2,F1.2.02,1158 x 6125,F2,,,
F2.1.153,F2s,11,2,3,F1.1.02,1158 x 6092,F2,,,
F2.5.151,F2s,11,2,4,F1.5.05,6024 x 8231,F2,,,
F2.1.154,F2s,11,2,5,F1.1.02,1158 x 6092,F2,,,
F2.5.152,F2s,11,2,6,F1.5.05,6024 x 8231,F2,,,
F2.7.153,F2s,11,3,1,F1.7.09,8231 x 1158,F2,2,E,8
F2.2.155,F2s,11,3,2,F1.2.02,1158 x 6125,F2,,,
F2.1.155,F2s,11,3,3,F1.1.02,1158 x 6092,F2,,,
F2.5.153,F2s,11,3,4,F1.5.05,6024 x 8231,F2,,,
F2.2.156,F2s,11,3,5,F1.2.02,1158 x 6125,F2,,,
F2.7.154,F2s,11,3,6,F1.7.09,8231 x 1158,F2,2,A,9
F2.7.155,F2s,11,4,1,F1.7.09,8231 x 1158,F2,2,H,8
F2.7.156,F2s,11,4,2,F1.7.09,8231 x 1158,F2,,,
F2.5.154,F2s,11,4,3,F1.5.05,6024 x 8231,F2,,,
F2.1.156,F2s,11,4,4,F1.1.02,1158 x 6092,F2,,,
F2.5.155,F2s,11,4,5,F1.5.05,6024 x 8231,F2,,,
F2.2.157,F2s,11,4,6,F1.2.02,1158 x 6125,F2,,,
F2.2.158,F2s,11,5,1,F1.2.02,1158 x 6125,F2,,,
F2.1.157,F2s,11,5,2,F1.1.02,1158 x 6092,F2,,,
S2.10.11,F2s,11,5,3,S1.10.01,8231,selfed_parent,,,
F2.1.158,F2s,11,5,4,F1.1.02,1158 x 6092,F2,,,
F2.5.156,F2s,11,5,5,F1.5.05,6024 x 8231,F2,,,
F2.5.157,F2s,11,5,6,F1.5.05,6024 x 8231,F2,,,
F2.7.157,F2s,11,6,1,F1.7.09,8231 x 1158,F2,2,F,8
F2.1.159,F2s,11,6,2,F1.1.02,1158 x 6092,F2,,,
F2.7.158,F2s,11,6,3,F1.7.09,8231 x 1158,F2,2,B,9
S2.03.11,F2s,11,6,4,S1.03.01,6024,selfed_parent,,,
F2.2.159,F2s,11,6,5,F1.2.02,1158 x 6125,F2,,,
F2.1.160,F2s,11,6,6,F1.1.02,1158 x 6092,F2,,,
F2.1.161,F2s,11,7,1,F1.1.02,1158 x 6092,F2,,,
F2.2.160,F2s,11,7,2,F1.2.02,1158 x 6125,F2,,,
F2.7.159,F2s,11,7,3,F1.7.09,8231 x 1158,F2,2,G,8
F2.2.161,F2s,11,7,4,F1.2.02,1158 x 6125,F2,,,
F2.1.162,F2s,11,7,5,F1.1.02,1158 x 6092,F2,,,
F2.2.162,F2s,11,7,6,F1.2.02,1158 x 6125,F2,,,
F2.2.163,F2s,11,8,1,F1.2.02,1158 x 6125,F2,,,
F2.5.158,F2s,11,8,2,F1.5.05,6024 x 8231,F2,,,
F2.5.159,F2s,11,8,3,F1.5.05,6024 x 8231,F2,,,
F2.5.160,F2s,11,8,4,F1.5.05,6024 x 8231,F2,,,
F2.5.161,F2s,11,8,5,F1.5.05,6024 x 8231,F2,,,
F2.1.163,F2s,11,8,6,F1.1.02,1158 x 6092,F2,,,
F2.5.162,F2s,11,9,1,F1.5.05,6024 x 8231,F2,,,
F2.7.160,F2s,11,9,2,F1.7.09,8231 x 1158,F2,2,B,8
F2.5.163,F2s,11,9,3,F1.5.05,6024 x 8231,F2,,,
F2.7.161,F2s,11,9,4,F1.7.09,8231 x 1158,F2,2,A,8
F2.7.162,F2s,11,9,5,F1.7.09,8231 x 1158,F2,2,C,8
F2.2.164,F2s,11,9,6,F1.2.02,1158 x 6125,F2,,,
F2.1.164,F2s,11,10,1,F1.1.02,1158 x 6092,F2,,,
F2.5.164,F2s,11,10,2,F1.5.05,6024 x 8231,F2,,,
S2.7.11,F2s,11,10,3,S1.7.08,6125,selfed_parent,,,
F2.2.165,F2s,11,10,4,F1.2.02,1158 x 6125,F2,,,
F2.7.163,F2s,11,10,5,F1.7.09,8231 x 1158,F2,2,D,8
F2.7.164,F2s,11,10,6,F1.7.09,8231 x 1158,F2,2,H,7
F2.7.165,F2s,11,11,1,F1.7.09,8231 x 1158,F2,2,G,7
S2.5.11,F2s,11,11,2,S1.5.16,6092,selfed_parent,,,
F2.1.165,F2s,11,11,3,F1.1.02,1158 x 6092,F2,,,
S2.2.11,F2s,11,11,4,S1.2.09,1158,selfed_parent,,,
F2.5.165,F2s,11,11,5,F1.5.05,6024 x 8231,F2,,,
NA,F2s,11,11,6,NA,NA,blank,,,
F2.2.166,F2s,12,1,1,F1.2.02,1158 x 6125,F2,,,
F2.5.166,F2s,12,1,2,F1.5.05,6024 x 8231,F2,,,
F2.1.166,F2s,12,1,3,F1.1.02,1158 x 6092,F2,,,
F2.5.167,F2s,12,1,4,F1.5.05,6024 x 8231,F2,,,
F2.5.168,F2s,12,1,5,F1.5.05,6024 x 8231,F2,,,
S2.5.12,F2s,12,1,6,S1.5.16,6092,selfed_parent,,,
F2.2.167,F2s,12,2,1,F1.2.02,1158 x 6125,F2,,,
F2.5.169,F2s,12,2,2,F1.5.05,6024 x 8231,F2,,,
F2.5.170,F2s,12,2,3,F1.5.05,6024 x 8231,F2,,,
F2.1.167,F2s,12,2,4,F1.1.02,1158 x 6092,F2,,,
F2.7.166,F2s,12,2,5,F1.7.09,8231 x 1158,F2,3,G,10
F2.7.167,F2s,12,2,6,F1.7.09,8231 x 1158,F2,3,H,10
F2.2.168,F2s,12,3,1,F1.2.02,1158 x 6125,F2,,,
F2.2.169,F2s,12,3,2,F1.2.02,1158 x 6125,F2,,,
F2.2.170,F2s,12,3,3,F1.2.02,1158 x 6125,F2,,,
F2.1.168,F2s,12,3,4,F1.1.02,1158 x 6092,F2,,,
F2.7.168,F2s,12,3,5,F1.7.09,8231 x 1158,F2,3,F,11
S2.03.12,F2s,12,3,6,S1.03.01,6024,selfed_parent,,,
F2.1.169,F2s,12,4,1,F1.1.02,1158 x 6092,F2,,,
F2.5.171,F2s,12,4,2,F1.5.05,6024 x 8231,F2,,,
F2.1.170,F2s,12,4,3,F1.1.02,1158 x 6092,F2,,,
F2.7.169,F2s,12,4,4,F1.7.09,8231 x 1158,F2,3,G,11
F2.1.171,F2s,12,4,5,F1.1.02,1158 x 6092,F2,,,
F2.5.172,F2s,12,4,6,F1.5.05,6024 x 8231,F2,,,
F2.7.170,F2s,12,5,1,F1.7.09,8231 x 1158,F2,3,D,11
F2.7.171,F2s,12,5,2,F1.7.09,8231 x 1158,F2,3,E,11
F2.5.173,F2s,12,5,3,F1.5.05,6024 x 8231,F2,,,
F2.2.171,F2s,12,5,4,F1.2.02,1158 x 6125,F2,,,
S2.10.12,F2s,12,5,5,S1.10.01,8231,selfed_parent,,,
F2.1.172,F2s,12,5,6,F1.1.02,1158 x 6092,F2,,,
F2.7.172,F2s,12,6,1,F1.7.09,8231 x 1158,F2,3,H,11
S2.7.12,F2s,12,6,2,S1.7.08,6125,selfed_parent,,,
F2.2.172,F2s,12,6,3,F1.2.02,1158 x 6125,F2,,,
F2.2.173,F2s,12,6,4,F1.2.02,1158 x 6125,F2,,,
F2.2.174,F2s,12,6,5,F1.2.02,1158 x 6125,F2,,,
F2.1.173,F2s,12,6,6,F1.1.02,1158 x 6092,F2,,,
F2.7.173,F2s,12,7,1,F1.7.09,8231 x 1158,F2,,,
F2.2.175,F2s,12,7,2,F1.2.02,1158 x 6125,F2,,,
F2.7.174,F2s,12,7,3,F1.7.09,8231 x 1158,F2,3,A,11
F2.7.175,F2s,12,7,4,F1.7.09,8231 x 1158,F2,3,B,11
F2.1.174,F2s,12,7,5,F1.1.02,1158 x 6092,F2,,,
F2.7.176,F2s,12,7,6,F1.7.09,8231 x 1158,F2,,,
F2.7.177,F2s,12,8,1,F1.7.09,8231 x 1158,F2,,,
F2.1.175,F2s,12,8,2,F1.1.02,1158 x 6092,F2,,,
F2.1.176,F2s,12,8,3,F1.1.02,1158 x 6092,F2,,,
F2.1.177,F2s,12,8,4,F1.1.02,1158 x 6092,F2,,,
F2.1.178,F2s,12,8,5,F1.1.02,1158 x 6092,F2,,,
F2.7.178,F2s,12,8,6,F1.7.09,8231 x 1158,F2,,,
F2.5.174,F2s,12,9,1,F1.5.05,6024 x 8231,F2,,,
F2.5.175,F2s,12,9,2,F1.5.05,6024 x 8231,F2,,,
F2.2.176,F2s,12,9,3,F1.2.02,1158 x 6125,F2,,,
F2.2.177,F2s,12,9,4,F1.2.02,1158 x 6125,F2,,,
F2.5.176,F2s,12,9,5,F1.5.05,6024 x 8231,F2,,,
F2.1.179,F2s,12,9,6,F1.1.02,1158 x 6092,F2,,,
F2.7.179,F2s,12,10,1,F1.7.09,8231 x 1158,F2,3,C,11
F2.5.177,F2s,12,10,2,F1.5.05,6024 x 8231,F2,,,
F2.1.180,F2s,12,10,3,F1.1.02,1158 x 6092,F2,,,
F2.2.178,F2s,12,10,4,F1.2.02,1158 x 6125,F2,,,
F2.5.178,F2s,12,10,5,F1.5.05,6024 x 8231,F2,,,
F2.5.179,F2s,12,10,6,F1.5.05,6024 x 8231,F2,,,
F2.5.180,F2s,12,11,1,F1.5.05,6024 x 8231,F2,,,
F2.2.179,F2s,12,11,2,F1.2.02,1158 x 6125,F2,,,
F2.7.180,F2s,12,11,3,F1.7.09,8231 x 1158,F2,3,F,10
NA,F2s,12,11,4,NA,NA,blank,,,
F2.2.180,F2s,12,11,5,F1.2.02,1158 x 6125,F2,,,
S2.2.12,F2s,12,11,6,S1.2.09,1158,selfed_parent,,,
F2.7.181,F2s,13,1,1,F1.7.09,8231 x 1158,F2,3,H,3
F2.1.181,F2s,13,1,2,F1.1.02,1158 x 6092,F2,,,
F2.7.182,F2s,13,1,3,F1.7.09,8231 x 1158,F2,3,A,4
F2.5.181,F2s,13,1,4,F1.5.05,6024 x 8231,F2,,,
F2.2.181,F2s,13,1,5,F1.2.02,1158 x 6125,F2,,,
F2.5.182,F2s,13,1,6,F1.5.05,6024 x 8231,F2,,,
F2.5.183,F2s,13,2,1,F1.5.05,6024 x 8231,F2,,,
F2.7.183,F2s,13,2,2,F1.7.09,8231 x 1158,F2,3,F,3
F2.5.184,F2s,13,2,3,F1.5.05,6024 x 8231,F2,,,
F2.7.184,F2s,13,2,4,F1.7.09,8231 x 1158,F2,3,G,3
F2.2.182,F2s,13,2,5,F1.2.02,1158 x 6125,F2,,,
F2.2.183,F2s,13,2,6,F1.2.02,1158 x 6125,F2,,,
F2.5.185,F2s,13,3,1,F1.5.05,6024 x 8231,F2,,,
F2.5.186,F2s,13,3,2,F1.5.05,6024 x 8231,F2,,,
S2.5.13,F2s,13,3,3,S1.5.16,6092,selfed_parent,,,
NA,F2s,13,3,4,NA,NA,blank,,,
S2.03.13,F2s,13,3,5,S1.03.01,6024,selfed_parent,,,
F2.1.182,F2s,13,3,6,F1.1.02,1158 x 6092,F2,,,
F2.1.183,F2s,13,4,1,F1.1.02,1158 x 6092,F2,,,
F2.5.187,F2s,13,4,2,F1.5.05,6024 x 8231,F2,,,
F2.5.188,F2s,13,4,3,F1.5.05,6024 x 8231,F2,,,
F2.1.184,F2s,13,4,4,F1.1.02,1158 x 6092,F2,,,
F2.2.184,F2s,13,4,5,F1.2.02,1158 x 6125,F2,,,
F2.7.185,F2s,13,4,6,F1.7.09,8231 x 1158,F2,3,C,3
F2.5.189,F2s,13,5,1,F1.5.05,6024 x 8231,F2,,,
F2.2.185,F2s,13,5,2,F1.2.02,1158 x 6125,F2,,,
F2.1.185,F2s,13,5,3,F1.1.02,1158 x 6092,F2,,,
F2.2.186,F2s,13,5,4,F1.2.02,1158 x 6125,F2,,,
F2.1.186,F2s,13,5,5,F1.1.02,1158 x 6092,F2,,,
F2.2.187,F2s,13,5,6,F1.2.02,1158 x 6125,F2,,,
F2.7.186,F2s,13,6,1,F1.7.09,8231 x 1158,F2,3,B,3
F2.5.190,F2s,13,6,2,F1.5.05,6024 x 8231,F2,,,
F2.5.191,F2s,13,6,3,F1.5.05,6024 x 8231,F2,,,
F2.1.187,F2s,13,6,4,F1.1.02,1158 x 6092,F2,,,
F2.1.188,F2s,13,6,5,F1.1.02,1158 x 6092,F2,,,
F2.1.189,F2s,13,6,6,F1.1.02,1158 x 6092,F2,,,
F2.7.187,F2s,13,7,1,F1.7.09,8231 x 1158,F2,,,
F2.7.188,F2s,13,7,2,F1.7.09,8231 x 1158,F2,3,B,4
S2.10.13,F2s,13,7,3,S1.10.01,8231,selfed_parent,,,
F2.5.192,F2s,13,7,4,F1.5.05,6024 x 8231,F2,,,
F2.2.188,F2s,13,7,5,F1.2.02,1158 x 6125,F2,,,
F2.7.189,F2s,13,7,6,F1.7.09,8231 x 1158,F2,3,D,3
F2.7.190,F2s,13,8,1,F1.7.09,8231 x 1158,F2,3,A,3
F2.7.191,F2s,13,8,2,F1.7.09,8231 x 1158,F2,3,H,2
F2.1.190,F2s,13,8,3,F1.1.02,1158 x 6092,F2,,,
F2.5.193,F2s,13,8,4,F1.5.05,6024 x 8231,F2,,,
F2.7.192,F2s,13,8,5,F1.7.09,8231 x 1158,F2,3,G,2
F2.1.191,F2s,13,8,6,F1.1.02,1158 x 6092,F2,,,
F2.2.189,F2s,13,9,1,F1.2.02,1158 x 6125,F2,,,
F2.5.194,F2s,13,9,2,F1.5.05,6024 x 8231,F2,,,
F2.1.192,F2s,13,9,3,F1.1.02,1158 x 6092,F2,,,
F2.2.190,F2s,13,9,4,F1.2.02,1158 x 6125,F2,,,
F2.5.195,F2s,13,9,5,F1.5.05,6024 x 8231,F2,,,
S2.2.13,F2s,13,9,6,S1.2.09,1158,selfed_parent,,,
F2.7.193,F2s,13,10,1,F1.7.09,8231 x 1158,F2,,,
F2.2.191,F2s,13,10,2,F1.2.02,1158 x 6125,F2,,,
F2.2.192,F2s,13,10,3,F1.2.02,1158 x 6125,F2,,,
F2.7.194,F2s,13,10,4,F1.7.09,8231 x 1158,F2,3,F,2
S2.7.13,F2s,13,10,5,S1.7.08,6125,selfed_parent,,,
F2.2.193,F2s,13,10,6,F1.2.02,1158 x 6125,F2,,,
F2.1.193,F2s,13,11,1,F1.1.02,1158 x 6092,F2,,,
F2.1.194,F2s,13,11,2,F1.1.02,1158 x 6092,F2,,,
F2.7.195,F2s,13,11,3,F1.7.09,8231 x 1158,F2,3,E,3
F2.2.194,F2s,13,11,4,F1.2.02,1158 x 6125,F2,,,
F2.2.195,F2s,13,11,5,F1.2.02,1158 x 6125,F2,,,
F2.1.195,F2s,13,11,6,F1.1.02,1158 x 6092,F2,,,
F2.2.196,F2s,14,1,1,F1.2.02,1158 x 6125,F2,,,
F2.5.196,F2s,14,1,2,F1.5.05,6024 x 8231,F2,,,
F2.5.197,F2s,14,1,3,F1.5.05,6024 x 8231,F2,,,
F2.2.197,F2s,14,1,4,F1.2.02,1158 x 6125,F2,,,
F2.7.196,F2s,14,1,5,F1.7.09,8231 x 1158,F2,3,C,7
F2.5.198,F2s,14,1,6,F1.5.05,6024 x 8231,F2,,,
F2.5.199,F2s,14,2,1,F1.5.05,6024 x 8231,F2,,,
F2.5.200,F2s,14,2,2,F1.5.05,6024 x 8231,F2,,,
F2.7.197,F2s,14,2,3,F1.7.09,8231 x 1158,F2,3,B,7
F2.1.196,F2s,14,2,4,F1.1.02,1158 x 6092,F2,,,
F2.7.198,F2s,14,2,5,F1.7.09,8231 x 1158,F2,3,A,7
F2.7.199,F2s,14,2,6,F1.7.09,8231 x 1158,F2,3,H,6
F2.1.197,F2s,14,3,1,F1.1.02,1158 x 6092,F2,,,
F2.7.200,F2s,14,3,2,F1.7.09,8231 x 1158,F2,3,G,6
F2.5.201,F2s,14,3,3,F1.5.05,6024 x 8231,F2,,,
F2.2.198,F2s,14,3,4,F1.2.02,1158 x 6125,F2,,,
F2.7.201,F2s,14,3,5,F1.7.09,8231 x 1158,F2,3,F,6
F2.5.202,F2s,14,3,6,F1.5.05,6024 x 8231,F2,,,
F2.1.198,F2s,14,4,1,F1.1.02,1158 x 6092,F2,,,
F2.1.199,F2s,14,4,2,F1.1.02,1158 x 6092,F2,,,
F2.2.199,F2s,14,4,3,F1.2.02,1158 x 6125,F2,,,
F2.7.202,F2s,14,4,4,F1.7.09,8231 x 1158,F2,3,E,6
S2.7.14,F2s,14,4,5,S1.7.08,6125,selfed_parent,,,
F2.7.203,F2s,14,4,6,F1.7.09,8231 x 1158,F2,,,
F2.7.204,F2s,14,5,1,F1.7.09,8231 x 1158,F2,,,
F2.2.200,F2s,14,5,2,F1.2.02,1158 x 6125,F2,,,
F2.1.200,F2s,14,5,3,F1.1.02,1158 x 6092,F2,,,
F2.5.203,F2s,14,5,4,F1.5.05,6024 x 8231,F2,,,
F2.1.201,F2s,14,5,5,F1.1.02,1158 x 6092,F2,,,
F2.1.202,F2s,14,5,6,F1.1.02,1158 x 6092,F2,,,
F2.7.205,F2s,14,6,1,F1.7.09,8231 x 1158,F2,3,D,6
F2.2.201,F2s,14,6,2,F1.2.02,1158 x 6125,F2,,,
F2.2.202,F2s,14,6,3,F1.2.02,1158 x 6125,F2,,,
F2.2.203,F2s,14,6,4,F1.2.02,1158 x 6125,F2,,,
F2.2.204,F2s,14,6,5,F1.2.02,1158 x 6125,F2,,,
F2.5.204,F2s,14,6,6,F1.5.05,6024 x 8231,F2,,,
F2.1.203,F2s,14,7,1,F1.1.02,1158 x 6092,F2,,,
F2.5.205,F2s,14,7,2,F1.5.05,6024 x 8231,F2,,,
NA,F2s,14,7,3,NA,NA,blank,,,
F2.5.206,F2s,14,7,4,F1.5.05,6024 x 8231,F2,,,
F2.7.206,F2s,14,7,5,F1.7.09,8231 x 1158,F2,,,
F2.5.207,F2s,14,7,6,F1.5.05,6024 x 8231,F2,,,
F2.1.204,F2s,14,8,1,F1.1.02,1158 x 6092,F2,,,
S2.5.14,F2s,14,8,2,S1.5.16,6092,selfed_parent,,,
S2.03.14,F2s,14,8,3,S1.03.01,6024,selfed_parent,,,
F2.1.205,F2s,14,8,4,F1.1.02,1158 x 6092,F2,,,
F2.1.206,F2s,14,8,5,F1.1.02,1158 x 6092,F2,,,
F2.1.207,F2s,14,8,6,F1.1.02,1158 x 6092,F2,,,
F2.5.208,F2s,14,9,1,F1.5.05,6024 x 8231,F2,,,
S2.10.14,F2s,14,9,2,S1.10.01,8231,selfed_parent,,,
F2.1.208,F2s,14,9,3,F1.1.02,1158 x 6092,F2,,,
F2.7.207,F2s,14,9,4,F1.7.09,8231 x 1158,F2,,,
F2.5.209,F2s,14,9,5,F1.5.05,6024 x 8231,F2,,,
S2.2.14,F2s,14,9,6,S1.2.09,1158,selfed_parent,,,
F2.2.205,F2s,14,10,1,F1.2.02,1158 x 6125,F2,,,
F2.2.206,F2s,14,10,2,F1.2.02,1158 x 6125,F2,,,
F2.1.209,F2s,14,10,3,F1.1.02,1158 x 6092,F2,,,
F2.1.210,F2s,14,10,4,F1.1.02,1158 x 6092,F2,,,
F2.7.208,F2s,14,10,5,F1.7.09,8231 x 1158,F2,3,B,6
F2.2.207,F2s,14,10,6,F1.2.02,1158 x 6125,F2,,,
F2.2.208,F2s,14,11,1,F1.2.02,1158 x 6125,F2,,,
F2.2.209,F2s,14,11,2,F1.2.02,1158 x 6125,F2,,,
F2.5.210,F2s,14,11,3,F1.5.05,6024 x 8231,F2,,,
F2.7.209,F2s,14,11,4,F1.7.09,8231 x 1158,F2,3,C,6
F2.2.210,F2s,14,11,5,F1.2.02,1158 x 6125,F2,,,
F2.7.210,F2s,14,11,6,F1.7.09,8231 x 1158,F2,,,
P1.5.55,pure_lines,15,1,1,2017_stock,6092,pure_lines,,,
P1.7.55,pure_lines,15,1,2,2017_stock,6184,pure_lines,,,
W1.6.01,pure_lines,15,1,3,Hossjo-6,Hossjo-6,pure_lines,,,
P1.1.55,pure_lines,15,1,4,2017_stock,1158,pure_lines,,,
W1.5.01,pure_lines,15,1,5,Hossjo-2,Hossjo-2,pure_lines,,,
P2.2.01,pure_lines,15,1,6,P1.2.09,6017,pure_lines,,,
P1.5.56,pure_lines,15,2,1,2017_stock,6092,pure_lines,,,
P2.7.01,pure_lines,15,2,2,P1.7.34,6184,pure_lines,,,
P1.2.55,pure_lines,15,2,3,2017_stock,6017,pure_lines,,,
P1.6.55,pure_lines,15,2,4,2017_stock,6125,pure_lines,,,
W1.9.01,pure_lines,15,2,5,Lovvik-4,Lovvik-4,pure_lines,,,
P2.1.01,pure_lines,15,2,6,P1.1.53,1158,pure_lines,,,
P1.4.55,pure_lines,15,3,1,2017_stock,6046,pure_lines,,,
P1.10.55,pure_lines,15,3,2,2017_stock,8231,pure_lines,,,
P1.5.57,pure_lines,15,3,3,2017_stock,6092,pure_lines,,,
P2.8.01,pure_lines,15,3,4,P1.8.36,6237,pure_lines,,,
P2.7.02,pure_lines,15,3,5,P1.7.22,6184,pure_lines,,,
P1.3.55,pure_lines,15,3,6,2017_stock,6024,pure_lines,,,
W1.7.01,pure_lines,15,4,1,Lovvik-1,Lovvik-1,pure_lines,,,
P2.6.01,pure_lines,15,4,2,P1.6.45,6125,pure_lines,,,
P1.4.56,pure_lines,15,4,3,2017_stock,6046,pure_lines,,,
P2.1.02,pure_lines,15,4,4,P1.1.51,1158,pure_lines,,,
P2.1.03,pure_lines,15,4,5,P1.1.33,1158,pure_lines,,,
P1.5.58,pure_lines,15,4,6,2017_stock,6092,pure_lines,,,
P2.4.01,pure_lines,15,5,1,P1.4.34,6046,pure_lines,,,
P2.4.02,pure_lines,15,5,2,P1.4.31,6046,pure_lines,,,
P2.3.01,pure_lines,15,5,3,P1.3.50,6024,pure_lines,,,
P2.6.02,pure_lines,15,5,4,P1.6.44,6125,pure_lines,,,
W1.9.02,pure_lines,15,5,5,Lovvik-4,Lovvik-4,pure_lines,,,
P2.5.01,pure_lines,15,5,6,P1.5.54,6092,pure_lines,,,
P2.7.03,pure_lines,15,6,1,P1.7.08,6184,pure_lines,,,
W1.1.01,pure_lines,15,6,2,Eden-Road-1,Eden-Road-1,pure_lines,,,
P2.8.02,pure_lines,15,6,3,P1.8.07,6237,pure_lines,,,
P2.4.03,pure_lines,15,6,4,P1.4.45,6046,pure_lines,,,
NA,pure_lines,15,6,5,NA,NA,pure_lines,,,
P2.1.04,pure_lines,15,6,6,P1.1.08,1158,pure_lines,,,
P2.7.04,pure_lines,15,7,1,P1.7.47,6184,pure_lines,,,
P1.4.57,pure_lines,15,7,3,2017_stock,6046,pure_lines,,,
P1.8.55,pure_lines,15,7,4,2017_stock,6237,pure_lines,,,
P2.3.02,pure_lines,15,7,5,P1.3.46,6024,pure_lines,,,
P2.10.01,pure_lines,15,7,6,P1.10.17,8231,pure_lines,,,
P1.7.56,pure_lines,15,7,,2017_stock,6184,pure_lines,,,
W1.6.02,pure_lines,15,8,1,Hossjo-6,Hossjo-6,pure_lines,,,
P2.3.03,pure_lines,15,8,2,P1.3.45,6024,pure_lines,,,
P1.6.56,pure_lines,15,8,3,2017_stock,6125,pure_lines,,,
P1.6.57,pure_lines,15,8,4,2017_stock,6125,pure_lines,,,
P2.7.05,pure_lines,15,8,5,P1.7.40,6184,pure_lines,,,
P2.7.06,pure_lines,15,8,6,P1.7.48,6184,pure_lines,,,
P2.3.04,pure_lines,15,9,1,P1.3.35,6024,pure_lines,,,
W1.1.02,pure_lines,15,9,2,Eden-Road-1,Eden-Road-1,pure_lines,,,
P1.2.56,pure_lines,15,9,3,2017_stock,6017,pure_lines,,,
P2.4.04,pure_lines,15,9,4,P1.4.16,6046,pure_lines,,,
P2.6.03,pure_lines,15,9,5,P1.6.35,6125,pure_lines,,,
P1.8.56,pure_lines,15,9,6,2017_stock,6237,pure_lines,,,
P2.4.05,pure_lines,15,10,1,P1.4.29,6046,pure_lines,,,
W1.5.02,pure_lines,15,10,2,Hossjo-2,Hossjo-2,pure_lines,,,
P2.9.01,pure_lines,15,10,3,P1.9.32,6244,pure_lines,,,
P2.5.02,pure_lines,15,10,4,P1.5.14,6092,pure_lines,,,
W1.1.03,pure_lines,15,10,5,Eden-Road-1,Eden-Road-1,pure_lines,,,
W1.5.03,pure_lines,15,10,6,Hossjo-2,Hossjo-2,pure_lines,,,
W1.3.01,pure_lines,15,11,1,Eden-Road-3,Eden-Road-3,pure_lines,,,
W1.6.03,pure_lines,15,11,2,Hossjo-6,Hossjo-6,pure_lines,,,
W1.8.01,pure_lines,15,11,3,Lovvik-2,Lovvik-2,pure_lines,,,
W1.7.02,pure_lines,15,11,4,Lovvik-1,Lovvik-1,pure_lines,,,
W1.7.03,pure_lines,15,11,5,Lovvik-1,Lovvik-1,pure_lines,,,
P1.5.59,pure_lines,15,11,6,2017_stock,6092,pure_lines,,,
W1.2.01,pure_lines,16,1,1,Eden-Road-2,Eden-Road-2,pure_lines,,,
W1.7.04,pure_lines,16,1,2,Lovvik-1,Lovvik-1,pure_lines,,,
P1.2.57,pure_lines,16,1,3,2017_stock,6017,pure_lines,,,
P2.7.07,pure_lines,16,1,4,P1.7.17,6184,pure_lines,,,
P2.7.08,pure_lines,16,1,5,P1.7.26,6184,pure_lines,,,
P2.10.02,pure_lines,16,1,6,P1.10.38,8231,pure_lines,,,
W1.3.02,pure_lines,16,2,1,Eden-Road-3,Eden-Road-3,pure_lines,,,
P1.7.57,pure_lines,16,2,2,2017_stock,6184,pure_lines,,,
P1.2.58,pure_lines,16,2,3,2017_stock,6017,pure_lines,,,
P1.6.58,pure_lines,16,2,4,2017_stock,6125,pure_lines,,,
P1.10.56,pure_lines,16,2,5,2017_stock,8231,pure_lines,,,
P2.10.03,pure_lines,16,2,6,P1.10.33,8231,pure_lines,,,
W1.6.04,pure_lines,16,3,1,Hossjo-6,Hossjo-6,pure_lines,,,
W1.8.02,pure_lines,16,3,2,Lovvik-2,Lovvik-2,pure_lines,,,
P2.5.03,pure_lines,16,3,3,P1.5.46,6092,pure_lines,,,
P1.8.57,pure_lines,16,3,4,2017_stock,6237,pure_lines,,,
P2.1.05,pure_lines,16,3,5,P1.1.11,1158,pure_lines,,,
P1.9.55,pure_lines,16,3,6,2017_stock,6244,pure_lines,,,
P2.8.03,pure_lines,16,4,1,P1.8.54,6237,pure_lines,,,
W1.1.04,pure_lines,16,4,2,Eden-Road-1,Eden-Road-1,pure_lines,,,
P1.8.58,pure_lines,16,4,3,2017_stock,6237,pure_lines,,,
P1.4.58,pure_lines,16,4,4,2017_stock,6046,pure_lines,,,
P1.5.60,pure_lines,16,4,5,2017_stock,6092,pure_lines,,,
P1.5.61,pure_lines,16,4,6,2017_stock,6092,pure_lines,,,
P2.8.04,pure_lines,16,5,1,P1.8.33,6237,pure_lines,,,
P2.3.05,pure_lines,16,5,2,P1.3.34,6024,pure_lines,,,
P2.6.04,pure_lines,16,5,3,P1.6.26,6125,pure_lines,,,
W1.6.05,pure_lines,16,5,4,Hossjo-6,Hossjo-6,pure_lines,,,
P1.6.59,pure_lines,16,5,5,2017_stock,6125,pure_lines,,,
P1.2.59,pure_lines,16,5,6,2017_stock,6017,pure_lines,,,
P1.8.59,pure_lines,16,6,1,2017_stock,6237,pure_lines,,,
P2.10.04,pure_lines,16,6,2,P1.10.51,8231,pure_lines,,,
P2.9.02,pure_lines,16,6,3,P1.9.10,6244,pure_lines,,,
P2.8.05,pure_lines,16,6,4,P1.8.28,6237,pure_lines,,,
W1.8.03,pure_lines,16,6,5,Lovvik-2,Lovvik-2,pure_lines,,,
P1.2.60,pure_lines,16,6,6,2017_stock,6017,pure_lines,,,
W1.5.04,pure_lines,16,7,1,Hossjo-2,Hossjo-2,pure_lines,,,
P2.9.03,pure_lines,16,7,2,P1.9.43,6244,pure_lines,,,
W1.4.01,pure_lines,16,7,3,Hossjo-8,Hossjo-8,pure_lines,,,
P1.3.56,pure_lines,16,7,4,2017_stock,6024,pure_lines,,,
P2.8.06,pure_lines,16,7,5,P1.8.13,6237,pure_lines,,,
W1.3.03,pure_lines,16,7,6,Eden-Road-3,Eden-Road-3,pure_lines,,,
P2.10.05,pure_lines,16,8,1,P1.10.43,8231,pure_lines,,,
W1.4.02,pure_lines,16,8,2,Hossjo-8,Hossjo-8,pure_lines,,,
P2.10.06,pure_lines,16,8,3,P1.10.07,8231,pure_lines,,,
P1.4.59,pure_lines,16,8,4,2017_stock,6046,pure_lines,,,
P1.2.61,pure_lines,16,8,5,2017_stock,6017,pure_lines,,,
P1.7.58,pure_lines,16,8,6,2017_stock,6184,pure_lines,,,
P2.9.04,pure_lines,16,9,1,P1.9.19,6244,pure_lines,,,
P2.8.07,pure_lines,16,9,2,P1.8.19,6237,pure_lines,,,
P1.2.62,pure_lines,16,9,3,2017_stock,6017,pure_lines,,,
P2.8.08,pure_lines,16,9,4,P1.8.44,6237,pure_lines,,,
P2.4.06,pure_lines,16,9,5,P1.4.09,6046,pure_lines,,,
W1.1.05,pure_lines,16,9,6,Eden-Road-1,Eden-Road-1,pure_lines,,,
P2.9.05,pure_lines,16,10,1,P1.9.41,6244,pure_lines,,,
P2.7.09,pure_lines,16,10,2,P1.7.06,6184,pure_lines,,,
W1.5.05,pure_lines,16,10,3,Hossjo-2,Hossjo-2,pure_lines,,,
P2.3.06,pure_lines,16,10,4,P1.3.27,6024,pure_lines,,,
W1.4.03,pure_lines,16,10,5,Hossjo-8,Hossjo-8,pure_lines,,,
P1.1.56,pure_lines,16,10,6,2017_stock,1158,pure_lines,,,
P1.2.63,pure_lines,16,11,1,2017_stock,6017,pure_lines,,,
W1.5.06,pure_lines,16,11,2,Hossjo-2,Hossjo-2,pure_lines,,,
P1.10.57,pure_lines,16,11,3,2017_stock,8231,pure_lines,,,
P2.3.07,pure_lines,16,11,4,P1.3.23,6024,pure_lines,,,
P2.4.07,pure_lines,16,11,5,P1.4.30,6046,pure_lines,,,
P1.8.60,pure_lines,16,11,6,2017_stock,6237,pure_lines,,,
P2.3.08,pure_lines,17,1,1,P1.3.19,6024,pure_lines,,,
P1.7.59,pure_lines,17,1,2,2017_stock,6184,pure_lines,,,
W1.5.07,pure_lines,17,1,3,Hossjo-2,Hossjo-2,pure_lines,,,
P1.1.57,pure_lines,17,1,4,2017_stock,1158,pure_lines,,,
P1.9.56,pure_lines,17,1,5,2017_stock,6244,pure_lines,,,
P1.10.58,pure_lines,17,1,6,2017_stock,8231,pure_lines,,,
P1.7.60,pure_lines,17,2,1,2017_stock,6184,pure_lines,,,
P1.1.58,pure_lines,17,2,2,2017_stock,1158,pure_lines,,,
P2.5.04,pure_lines,17,2,3,P1.5.25,6092,pure_lines,,,
P1.3.57,pure_lines,17,2,4,2017_stock,6024,pure_lines,,,
P2.5.05,pure_lines,17,2,5,P1.5.07,6092,pure_lines,,,
P2.6.05,pure_lines,17,2,6,P1.6.21,6125,pure_lines,,,
P1.7.61,pure_lines,17,3,1,2017_stock,6184,pure_lines,,,
P1.5.62,pure_lines,17,3,2,2017_stock,6092,pure_lines,,,
P2.4.08,pure_lines,17,3,3,P1.4.19,6046,pure_lines,,,
W1.3.04,pure_lines,17,3,4,Eden-Road-3,Eden-Road-3,pure_lines,,,
P1.10.59,pure_lines,17,3,5,2017_stock,8231,pure_lines,,,
P1.1.59,pure_lines,17,3,6,2017_stock,1158,pure_lines,,,
P1.7.62,pure_lines,17,4,1,2017_stock,6184,pure_lines,,,
P2.5.06,pure_lines,17,4,2,P1.5.40,6092,pure_lines,,,
P2.10.07,pure_lines,17,4,3,P1.10.40,8231,pure_lines,,,
P1.3.58,pure_lines,17,4,4,2017_stock,6024,pure_lines,,,
P1.2.64,pure_lines,17,4,5,2017_stock,6017,pure_lines,,,
P2.9.06,pure_lines,17,4,6,P1.9.23,6244,pure_lines,,,
P1.10.60,pure_lines,17,5,1,2017_stock,8231,pure_lines,,,
W1.9.03,pure_lines,17,5,2,Lovvik-4,Lovvik-4,pure_lines,,,
P2.5.07,pure_lines,17,5,3,P1.5.12,6092,pure_lines,,,
P1.4.60,pure_lines,17,5,4,2017_stock,6046,pure_lines,,,
P1.1.60,pure_lines,17,5,5,2017_stock,1158,pure_lines,,,
P1.4.61,pure_lines,17,5,6,2017_stock,6046,pure_lines,,,
W1.8.04,pure_lines,17,6,1,Lovvik-2,Lovvik-2,pure_lines,,,
P1.10.61,pure_lines,17,6,2,2017_stock,8231,pure_lines,,,
P2.6.06,pure_lines,17,6,3,P1.6.19,6125,pure_lines,,,
P2.4.09,pure_lines,17,6,4,P1.4.33,6046,pure_lines,,,
P2.7.10,pure_lines,17,6,5,P1.7.39,6184,pure_lines,,,
P1.10.62,pure_lines,17,6,6,2017_stock,8231,pure_lines,,,
P1.3.59,pure_lines,17,7,1,2017_stock,6024,pure_lines,,,
W1.2.02,pure_lines,17,7,2,Eden-Road-2,Eden-Road-2,pure_lines,,,
W1.4.04,pure_lines,17,7,3,Hossjo-8,Hossjo-8,pure_lines,,,
P2.3.09,pure_lines,17,7,4,P1.3.17,6024,pure_lines,,,
P1.3.60,pure_lines,17,7,5,2017_stock,6024,pure_lines,,,
P2.5.08,pure_lines,17,7,6,P1.3.39,6092,pure_lines,,,
P1.6.60,pure_lines,17,8,1,2017_stock,6125,pure_lines,,,
W1.2.03,pure_lines,17,8,2,Eden-Road-2,Eden-Road-2,pure_lines,,,
W1.7.05,pure_lines,17,8,3,Lovvik-1,Lovvik-1,pure_lines,,,
P2.2.02,pure_lines,17,8,4,P1.2.44,6017,pure_lines,,,
P1.6.61,pure_lines,17,8,5,2017_stock,6125,pure_lines,,,
P2.10.08,pure_lines,17,8,6,P1.10.13,8231,pure_lines,,,
W1.7.06,pure_lines,17,9,1,Lovvik-1,Lovvik-1,pure_lines,,,
P2.5.09,pure_lines,17,9,2,P1.3.21,6092,pure_lines,,,
P1.2.65,pure_lines,17,9,3,2017_stock,6017,pure_lines,,,
W1.3.05,pure_lines,17,9,4,Eden-Road-3,Eden-Road-3,pure_lines,,,
P2.4.10,pure_lines,17,9,5,P1.4.41,6046,pure_lines,,,
P2.2.03,pure_lines,17,9,6,P1.2.26,6017,pure_lines,,,
P2.8.09,pure_lines,17,10,1,P1.8.31,6237,pure_lines,,,
P1.1.61,pure_lines,17,10,2,2017_stock,1158,pure_lines,,,
W1.4.05,pure_lines,17,10,3,Hossjo-8,Hossjo-8,pure_lines,,,
P1.9.57,pure_lines,17,10,4,2017_stock,6244,pure_lines,,,
P2.9.07,pure_lines,17,10,5,P1.9.31,6244,pure_lines,,,
P2.10.09,pure_lines,17,10,6,P1.10.42,8231,pure_lines,,,
P1.4.62,pure_lines,17,11,1,2017_stock,6046,pure_lines,,,
P1.5.63,pure_lines,17,11,2,2017_stock,6092,pure_lines,,,
W1.1.06,pure_lines,17,11,3,Eden-Road-1,Eden-Road-1,pure_lines,,,
P1.4.63,pure_lines,17,11,4,2017_stock,6046,pure_lines,,,
P1.10.63,pure_lines,17,11,5,2017_stock,8231,pure_lines,,,
P1.2.66,pure_lines,17,11,6,2017_stock,6017,pure_lines,,,
P2.2.04,pure_lines,18,1,1,P1.2.31,6017,pure_lines,,,
P1.3.61,pure_lines,18,1,2,2017_stock,6024,pure_lines,,,
P1.8.61,pure_lines,18,1,3,2017_stock,6237,pure_lines,,,
W1.9.04,pure_lines,18,1,4,Lovvik-4,Lovvik-4,pure_lines,,,
P2.9.08,pure_lines,18,1,5,P1.9.50,6244,pure_lines,,,
P2.3.10,pure_lines,18,1,6,P1.3.12,6024,pure_lines,,,
P1.9.58,pure_lines,18,2,1,2017_stock,6244,pure_lines,,,
P2.3.11,pure_lines,18,2,2,P1.3.10,6024,pure_lines,,,
P1.10.64,pure_lines,18,2,3,2017_stock,8231,pure_lines,,,
P1.1.62,pure_lines,18,2,4,2017_stock,1158,pure_lines,,,
P1.5.64,pure_lines,18,2,5,2017_stock,6092,pure_lines,,,
P2.10.10,pure_lines,18,2,6,P1.10.36,8231,pure_lines,,,
W1.3.06,pure_lines,18,3,1,Eden-Road-3,Eden-Road-3,pure_lines,,,
P2.9.09,pure_lines,18,3,2,P1.9.09,6244,pure_lines,,,
P2.8.10,pure_lines,18,3,3,P1.8.47,6237,pure_lines,,,
W1.5.08,pure_lines,18,3,4,Hossjo-2,Hossjo-2,pure_lines,,,
NA,pure_lines,18,3,5,NA,NA,pure_lines,,,
P1.8.62,pure_lines,18,3,6,2017_stock,6237,pure_lines,,,
P2.9.10,pure_lines,18,4,1,P1.9.21,6244,pure_lines,,,
W1.1.07,pure_lines,18,4,2,Eden-Road-1,Eden-Road-1,pure_lines,,,
W1.1.08,pure_lines,18,4,3,Eden-Road-1,Eden-Road-1,pure_lines,,,
W1.2.04,pure_lines,18,4,4,Eden-Road-2,Eden-Road-2,pure_lines,,,
P1.4.64,pure_lines,18,4,5,2017_stock,6046,pure_lines,,,
P1.1.63,pure_lines,18,4,6,2017_stock,1158,pure_lines,,,
W1.9.05,pure_lines,18,5,1,Lovvik-4,Lovvik-4,pure_lines,,,
P2.10.11,pure_lines,18,5,2,P1.10.22,8231,pure_lines,,,
P1.1.64,pure_lines,18,5,3,2017_stock,1158,pure_lines,,,
P2.7.11,pure_lines,18,5,4,P1.7.25,6184,pure_lines,,,
P1.7.63,pure_lines,18,5,5,2017_stock,6184,pure_lines,,,
W1.8.05,pure_lines,18,5,6,Lovvik-2,Lovvik-2,pure_lines,,,
P2.6.07,pure_lines,18,6,1,P1.6.13,6125,pure_lines,,,
W1.4.06,pure_lines,18,6,2,Hossjo-8,Hossjo-8,pure_lines,,,
P1.3.62,pure_lines,18,6,3,2017_stock,6024,pure_lines,,,
W1.4.07,pure_lines,18,6,4,Hossjo-8,Hossjo-8,pure_lines,,,
P1.6.62,pure_lines,18,6,5,2017_stock,6125,pure_lines,,,
P1.1.65,pure_lines,18,6,6,2017_stock,1158,pure_lines,,,
P1.6.63,pure_lines,18,7,1,2017_stock,6125,pure_lines,,,
W1.3.07,pure_lines,18,7,2,Eden-Road-3,Eden-Road-3,pure_lines,,,
P2.1.06,pure_lines,18,7,3,P1.1.27,1158,pure_lines,,,
P1.8.63,pure_lines,18,7,4,2017_stock,6237,pure_lines,,,
W1.8.06,pure_lines,18,7,5,Lovvik-2,Lovvik-2,pure_lines,,,
P1.8.64,pure_lines,18,7,6,2017_stock,6237,pure_lines,,,
P2.2.05,pure_lines,18,8,1,P1.2.52,6017,pure_lines,,,
P1.3.63,pure_lines,18,8,2,2017_stock,6024,pure_lines,,,
W1.5.09,pure_lines,18,8,3,Hossjo-2,Hossjo-2,pure_lines,,,
P2.1.07,pure_lines,18,8,4,P1.1.12,1158,pure_lines,,,
P2.1.08,pure_lines,18,8,5,P1.1.41,1158,pure_lines,,,
P2.3.12,pure_lines,18,8,6,P1.3.09,6024,pure_lines,,,
P1.5.65,pure_lines,18,9,1,2017_stock,6092,pure_lines,,,
P1.8.65,pure_lines,18,9,2,2017_stock,6237,pure_lines,,,
P1.2.67,pure_lines,18,9,3,2017_stock,6017,pure_lines,,,
W1.7.07,pure_lines,18,9,4,Lovvik-1,Lovvik-1,pure_lines,,,
P1.9.59,pure_lines,18,9,5,2017_stock,6244,pure_lines,,,
P1.9.60,pure_lines,18,9,6,2017_stock,6244,pure_lines,,,
P2.10.12,pure_lines,18,10,1,P1.10.08,8231,pure_lines,,,
P1.9.61,pure_lines,18,10,2,2017_stock,6244,pure_lines,,,
P1.7.64,pure_lines,18,10,3,2017_stock,6184,pure_lines,,,
P2.1.09,pure_lines,18,10,4,P1.1.07,1158,pure_lines,,,
P2.8.11,pure_lines,18,10,5,P1.8.34,6237,pure_lines,,,
P2.8.12,pure_lines,18,10,6,P1.8.22,6237,pure_lines,,,
P1.10.65,pure_lines,18,11,1,2017_stock,8231,pure_lines,,,
NA,pure_lines,18,11,2,NA,NA,pure_lines,,,
P1.4.65,pure_lines,18,11,3,2017_stock,6046,pure_lines,,,
P1.3.64,pure_lines,18,11,4,2017_stock,6024,pure_lines,,,
P1.9.62,pure_lines,18,11,5,2017_stock,6244,pure_lines,,,
W1.1.09,pure_lines,18,11,6,Eden-Road-1,Eden-Road-1,pure_lines,,,
P1.9.63,pure_lines,19,1,1,2017_stock,6244,pure_lines,,,
P2.2.06,pure_lines,19,1,2,P1.2.21,6017,pure_lines,,,
P2.9.11,pure_lines,19,1,3,P1.9.44,6244,pure_lines,,,
P2.1.10,pure_lines,19,1,4,P1.1.26,1158,pure_lines,,,
P1.1.66,pure_lines,19,1,5,2017_stock,1158,pure_lines,,,
P1.10.66,pure_lines,19,1,6,2017_stock,8231,pure_lines,,,
P2.6.08,pure_lines,19,2,1,P1.6.10,6125,pure_lines,,,
W1.8.07,pure_lines,19,2,2,Lovvik-2,Lovvik-2,pure_lines,,,
P1.7.65,pure_lines,19,2,3,2017_stock,6184,pure_lines,,,
P1.1.67,pure_lines,19,2,4,2017_stock,1158,pure_lines,,,
P1.10.67,pure_lines,19,2,5,2017_stock,8231,pure_lines,,,
P1.9.64,pure_lines,19,2,6,2017_stock,6244,pure_lines,,,
P2.3.13,pure_lines,19,3,1,P1.3.50,6024,pure_lines,,,
W1.2.05,pure_lines,19,3,2,Eden-Road-2,Eden-Road-2,pure_lines,,,
W1.6.06,pure_lines,19,3,3,Hossjo-6,Hossjo-6,pure_lines,,,
P1.9.65,pure_lines,19,3,4,2017_stock,6244,pure_lines,,,
W1.2.06,pure_lines,19,3,5,Eden-Road-2,Eden-Road-2,pure_lines,,,
P1.10.68,pure_lines,19,3,6,2017_stock,8231,pure_lines,,,
P1.9.66,pure_lines,19,4,1,2017_stock,6244,pure_lines,,,
W1.7.08,pure_lines,19,4,2,Lovvik-1,Lovvik-1,pure_lines,,,
P2.7.12,pure_lines,19,4,3,P1.7.16,6184,pure_lines,,,
P2.2.07,pure_lines,19,4,4,P1.2.14,6017,pure_lines,,,
P1.9.67,pure_lines,19,4,5,2017_stock,6244,pure_lines,,,
W1.5.10,pure_lines,19,4,6,Hossjo-2,Hossjo-2,pure_lines,,,
P2.5.10,pure_lines,19,5,1,P1.5.48,6092,pure_lines,,,
P1.6.64,pure_lines,19,5,2,2017_stock,6125,pure_lines,,,
P1.4.66,pure_lines,19,5,3,2017_stock,6046,pure_lines,,,
W1.8.08,pure_lines,19,5,4,Lovvik-2,Lovvik-2,pure_lines,,,
P2.5.11,pure_lines,19,5,5,P1.5.27,6092,pure_lines,,,
P1.6.65,pure_lines,19,5,6,2017_stock,6125,pure_lines,,,
W1.9.06,pure_lines,19,6,1,Lovvik-4,Lovvik-4,pure_lines,,,
P2.1.11,pure_lines,19,6,2,P1.1.20,1158,pure_lines,,,
P2.10.13,pure_lines,19,6,3,P1.10.44,8231,pure_lines,,,
P1.4.67,pure_lines,19,6,4,2017_stock,6046,pure_lines,,,
NA,pure_lines,19,6,5,NA,NA,pure_lines,,,
P1.7.66,pure_lines,19,6,6,2017_stock,6184,pure_lines,,,
P2.1.12,pure_lines,19,7,1,P1.1.47,1158,pure_lines,,,
P2.2.08,pure_lines,19,7,2,P1.2.47,6017,pure_lines,,,
P2.7.13,pure_lines,19,7,3,P1.7.24,6184,pure_lines,,,
P2.9.12,pure_lines,19,7,4,P1.9.54,6244,pure_lines,,,
P1.7.67,pure_lines,19,7,5,2017_stock,6184,pure_lines,,,
P2.9.13,pure_lines,19,7,6,P1.9.47,6244,pure_lines,,,
P2.7.14,pure_lines,19,8,1,P1.7.52,6184,pure_lines,,,
P2.2.09,pure_lines,19,8,2,P1.2.33,6017,pure_lines,,,
P2.6.09,pure_lines,19,8,3,P1.6.45,6125,pure_lines,,,
W1.9.07,pure_lines,19,8,4,Lovvik-4,Lovvik-4,pure_lines,,,
W1.6.07,pure_lines,19,8,5,Hossjo-6,Hossjo-6,pure_lines,,,
P2.10.14,pure_lines,19,8,6,P1.10.31,8231,pure_lines,,,
W1.2.07,pure_lines,19,9,1,Eden-Road-2,Eden-Road-2,pure_lines,,,
P1.6.66,pure_lines,19,9,2,2017_stock,6125,pure_lines,,,
P2.1.13,pure_lines,19,9,3,P1.1.38,1158,pure_lines,,,
W1.9.08,pure_lines,19,9,4,Lovvik-4,Lovvik-4,pure_lines,,,
W1.4.08,pure_lines,19,9,5,Hossjo-8,Hossjo-8,pure_lines,,,
P1.2.68,pure_lines,19,9,6,2017_stock,6017,pure_lines,,,
W1.6.08,pure_lines,19,10,1,Hossjo-6,Hossjo-6,pure_lines,,,
P2.4.11,pure_lines,19,10,2,P1.4.21,6046,pure_lines,,,
P1.6.67,pure_lines,19,10,3,2017_stock,6125,pure_lines,,,
P1.2.69,pure_lines,19,10,4,2017_stock,6017,pure_lines,,,
W1.6.09,pure_lines,19,10,5,Hossjo-6,Hossjo-6,pure_lines,,,
P2.3.14,pure_lines,19,10,6,P1.3.35,6024,pure_lines,,,
P2.2.10,pure_lines,19,11,1,P1.2.43,6017,pure_lines,,,
P2.8.13,pure_lines,19,11,2,P1.8.21,6237,pure_lines,,,
P1.9.68,pure_lines,19,11,3,2017_stock,6244,pure_lines,,,
P2.2.11,pure_lines,19,11,4,P1.2.51,6017,pure_lines,,,
P1.10.69,pure_lines,19,11,5,2017_stock,8231,pure_lines,,,
P2.9.14,pure_lines,19,11,6,P1.9.34,6244,pure_lines,,,
P1.4.68,pure_lines,20,1,1,2017_stock,6046,pure_lines,,,
P2.8.14,pure_lines,20,1,2,P1.8.35,6237,pure_lines,,,
P1.7.68,pure_lines,20,1,3,2017_stock,6184,pure_lines,,,
P2.3.15,pure_lines,20,1,4,P1.3.12,6024,pure_lines,,,
W1.9.09,pure_lines,20,1,5,Lovvik-4,Lovvik-4,pure_lines,,,
W1.4.09,pure_lines,20,1,6,Hossjo-8,Hossjo-8,pure_lines,,,
P2.5.12,pure_lines,20,2,1,P1.5.47,6092,pure_lines,,,
P1.5.66,pure_lines,20,2,2,2017_stock,6092,pure_lines,,,
P2.10.15,pure_lines,20,2,3,P1.10.14,8231,pure_lines,,,
P1.5.67,pure_lines,20,2,4,2017_stock,6092,pure_lines,,,
P1.6.68,pure_lines,20,2,5,2017_stock,6125,pure_lines,,,
P1.8.66,pure_lines,20,2,6,2017_stock,6237,pure_lines,,,
P1.3.65,pure_lines,20,3,1,2017_stock,6024,pure_lines,,,
P2.4.12,pure_lines,20,3,2,P1.4.53,6046,pure_lines,,,
W1.2.08,pure_lines,20,3,3,Eden-Road-2,Eden-Road-2,pure_lines,,,
P2.6.10,pure_lines,20,3,4,P1.6.44,6125,pure_lines,,,
P2.1.14,pure_lines,20,3,5,P1.1.04,1158,pure_lines,,,
P1.9.69,pure_lines,20,3,6,2017_stock,6244,pure_lines,,,
W1.9.10,pure_lines,20,4,1,Lovvik-4,Lovvik-4,pure_lines,,,
P2.1.15,pure_lines,20,4,2,P1.1.35,1158,pure_lines,,,
P2.4.13,pure_lines,20,4,3,P1.4.12,6046,pure_lines,,,
P2.2.12,pure_lines,20,4,4,P1.2.50,6017,pure_lines,,,
P1.6.69,pure_lines,20,4,5,2017_stock,6125,pure_lines,,,
W1.7.09,pure_lines,20,4,6,Lovvik-1,Lovvik-1,pure_lines,,,
P2.4.14,pure_lines,20,5,1,P1.4.07,6046,pure_lines,,,
P1.3.66,pure_lines,20,5,2,2017_stock,6024,pure_lines,,,
P2.5.13,pure_lines,20,5,3,P1.5.17,6092,pure_lines,,,
P2.6.11,pure_lines,20,5,4,P1.6.35,6125,pure_lines,,,
P2.2.13,pure_lines,20,5,5,P1.2.34,6017,pure_lines,,,
P2.6.12,pure_lines,20,5,6,P1.6.26,6125,pure_lines,,,
P1.3.67,pure_lines,20,6,1,2017_stock,6024,pure_lines,,,
W1.6.10,pure_lines,20,6,2,Hossjo-6,Hossjo-6,pure_lines,,,
P2.6.13,pure_lines,20,6,3,P1.6.19,6125,pure_lines,,,
W1.3.08,pure_lines,20,6,4,Eden-Road-3,Eden-Road-3,pure_lines,,,
W1.2.09,pure_lines,20,6,5,Eden-Road-2,Eden-Road-2,pure_lines,,,
NA,pure_lines,20,6,6,NA,NA,pure_lines,,,
P1.1.68,pure_lines,20,7,1,2017_stock,1158,pure_lines,,,
P2.5.14,pure_lines,20,7,2,P1.5.26,6092,pure_lines,,,
P2.7.15,pure_lines,20,7,3,P1.7.43,6184,pure_lines,,,
W1.8.09,pure_lines,20,7,4,Lovvik-2,Lovvik-2,pure_lines,,,
P1.3.68,pure_lines,20,7,5,2017_stock,6024,pure_lines,,,
W1.1.10,pure_lines,20,7,6,Eden-Road-1,Eden-Road-1,pure_lines,,,
W1.3.09,pure_lines,20,8,1,Eden-Road-3,Eden-Road-3,pure_lines,,,
W1.8.10,pure_lines,20,8,2,Lovvik-2,Lovvik-2,pure_lines,,,
P1.1.69,pure_lines,20,8,3,2017_stock,1158,pure_lines,,,
P2.2.14,pure_lines,20,8,4,P1.2.46,6017,pure_lines,,,
P1.7.69,pure_lines,20,8,5,2017_stock,6184,pure_lines,,,
P1.8.67,pure_lines,20,8,6,2017_stock,6237,pure_lines,,,
W1.3.10,pure_lines,20,9,1,Eden-Road-3,Eden-Road-3,pure_lines,,,
P1.5.68,pure_lines,20,9,2,2017_stock,6092,pure_lines,,,
NA,pure_lines,20,9,3,NA,NA,pure_lines,,,
P1.4.69,pure_lines,20,9,4,2017_stock,6046,pure_lines,,,
W1.2.10,pure_lines,20,9,5,Eden-Road-2,Eden-Road-2,pure_lines,,,
P2.2.15,pure_lines,20,9,6,P1.2.17,6017,pure_lines,,,
P2.4.15,pure_lines,20,10,1,P1.4.24,6046,pure_lines,,,
P1.3.69,pure_lines,20,10,2,2017_stock,6024,pure_lines,,,
P2.9.15,pure_lines,20,10,3,P1.9.07,6244,pure_lines,,,
P1.5.69,pure_lines,20,10,4,2017_stock,6092,pure_lines,,,
W1.7.10,pure_lines,20,10,5,Lovvik-1,Lovvik-1,pure_lines,,,
P1.8.68,pure_lines,20,10,6,2017_stock,6237,pure_lines,,,
P2.8.15,pure_lines,20,11,1,P1.8.09,6237,pure_lines,,,
W1.4.10,pure_lines,20,11,2,Hossjo-8,Hossjo-8,pure_lines,,,
P1.8.69,pure_lines,20,11,3,2017_stock,6237,pure_lines,,,
P2.6.14,pure_lines,20,11,4,P1.6.13,6125,pure_lines,,,
P2.6.15,pure_lines,20,11,5,P1.6.10,6125,pure_lines,,,
P2.5.15,pure_lines,20,11,6,P1.5.51,6092,pure_lines,,,
P2.160.01,pure_lines,21,1,1,P1.9.54,6244,pure_lines,1,D,7
W1.12.01,pure_lines,21,1,2,Eden-Road-6,Eden-Road-6,pure_lines,,,
W1.4.01,pure_lines,21,1,3,Hossjo-9,Hossjo-9,pure_lines,1,H,1
P2.101.01,pure_lines,21,1,4,P1.5.54,6092,pure_lines,1,E,1
W1.13.01,pure_lines,21,1,5,Hossjo-7,Hossjo-7,pure_lines,1,E,7
P2.114.01,pure_lines,21,1,6,P1.6.44,6125,pure_lines,1,A,1
W1.10.01,pure_lines,21,2,1,Eden-Road-4,Eden-Road-4,pure_lines,,,
P2.098.01,pure_lines,21,2,2,P1.5.47,6092,pure_lines,1,D,1
,pure_lines,21,2,3,NA,NA,pure_lines,,,
W1.11.01,pure_lines,21,2,4,Eden-Road-5,Eden-Road-5,pure_lines,1,C,1
P2.016.01,pure_lines,21,2,5,P1.1.27,1158,pure_lines,1,E,4
P2.139.01,pure_lines,21,2,6,P1.8.31,6237,pure_lines,1,D,3
W1.15.01,pure_lines,21,3,1,Lovvik-7,Lovvik-7,pure_lines,,,
P2.083.01,pure_lines,21,3,2,P1.4.34,6046,pure_lines,1,A,6
P1.6.70,pure_lines,21,3,3,2017_stock,6125,pure_lines,1,F,3
P1.7.70,pure_lines,21,3,4,2017_stock,6184,pure_lines,1,F,4
P2.049.01,pure_lines,21,3,5,P1.2.33,6017,pure_lines,1,C,3
W1.14.01,pure_lines,21,3,6,Lovvik-6,Lovvik-6,pure_lines,1,C,4
P2.088.01,pure_lines,21,4,1,P1.5.08,6092,pure_lines,1,G,2
P2.116.01,pure_lines,21,4,2,P1.6.45,6125,pure_lines,1,C,6
W1.14.02,pure_lines,21,4,3,Lovvik-6,Lovvik-6,pure_lines,1,B,4
P2.022.01,pure_lines,21,4,4,P1.1.44,1158,pure_lines,1,A,4
P2.159.01,pure_lines,21,4,5,P1.9.50,6244,pure_lines,1,H,5
P1.2.70,pure_lines,21,4,6,2017_stock,6017,pure_lines,1,E,3
W1.15.02,pure_lines,21,5,1,Lovvik-7,Lovvik-7,pure_lines,1,A,7
W1.14.03,pure_lines,21,5,2,Lovvik-6,Lovvik-6,pure_lines,1,F,7
W1.11.02,pure_lines,21,5,3,Eden-Road-5,Eden-Road-5,pure_lines,,,
P2.014.01,pure_lines,21,5,4,P1.1.19,1158,pure_lines,1,G,1
P2.102.01,pure_lines,21,5,5,P1.6.10,6125,pure_lines,,,
P1.1.70,pure_lines,21,5,6,2017_stock,1158,pure_lines,1,G,2
P2.044.01,pure_lines,21,6,1,P1.2.17,6017,pure_lines,1,B,5
W1.4.02,pure_lines,21,6,2,Hossjo-9,Hossjo-9,pure_lines,1,F,1
P2.079.01,pure_lines,21,6,3,P1.4.24,6046,pure_lines,1,H,7
P1.10.70,pure_lines,21,6,4,2017_stock,8231,pure_lines,1,G,7
P1.4.70,pure_lines,21,6,5,2017_stock,6046,pure_lines,1,A,2
W1.4.11,pure_lines,21,6,6,Hossjo-8,Hossjo-8,pure_lines,1,G,2
P2.026.01,pure_lines,21,7,1,P1.1.52,6184,pure_lines,1,H,1
P1.3.70,pure_lines,21,7,2,2017_stock,6024,pure_lines,1,A,3
P1.3.71,pure_lines,21,7,3,2017_stock,6024,pure_lines,1,B,1
P2.073.01,pure_lines,21,7,4,P1.4.08,6046,pure_lines,1,D,4
P1.3.72,pure_lines,21,7,5,2017_stock,6024,pure_lines,1,E,5
P1.8.70,pure_lines,21,7,6,2017_stock,6237,pure_lines,1,B,7
W1.10.02,pure_lines,21,8,1,Eden-Road-4,Eden-Road-4,pure_lines,1,G,5
P2.140.01,pure_lines,21,8,2,P1.8.32,6237,pure_lines,1,B,6
P2.106.01,pure_lines,21,8,3,P1.6.19,6125,pure_lines,1,C,2
P2.052.01,pure_lines,21,8,4,P1.2.45,6017,pure_lines,1,B,2
P2.038.01,pure_lines,21,8,5,P1.10.45,8231,pure_lines,1,E,2
P2.104.01,pure_lines,21,8,6,P1.6.13,6125,pure_lines,1,E,6
P1.10.71,pure_lines,21,9,1,2017_stock,8231,pure_lines,1,F,
P2.126.01,pure_lines,21,9,2,P1.7.44,6184,pure_lines,1,C,5
P2.095.01,pure_lines,21,9,3,P1.5.39,6092,pure_lines,1,H,6
P1.10.72,pure_lines,21,9,4,2017_stock,8231,pure_lines,1,D,6
P1.3.73,pure_lines,21,9,5,2017_stock,6024,pure_lines,1,G,6
P1.7.71,pure_lines,21,9,6,2017_stock,6184,pure_lines,1,F,5
P2.059.01,pure_lines,21,10,1,P1.3.12,6024,pure_lines,1,H,3
W1.16.01,pure_lines,21,10,2,Lovvik-9,Lovvik-9,pure_lines,,,
P1.4.71,pure_lines,21,10,3,2017_stock,6046,pure_lines,1,C,7
P1.10.73,pure_lines,21,10,4,2017_stock,8231,pure_lines,1,D,5
P2.146.01,pure_lines,21,10,5,P1.9.07,6244,pure_lines,1,F,6
P1.7.72,pure_lines,21,10,6,2017_stock,6184,pure_lines,1,A,5
P2.074.01,pure_lines,21,11,1,P1.4.09,6046,pure_lines,,,
P2.021.01,pure_lines,21,11,2,P1.1.36,1158,pure_lines,,,
P2.075.01,pure_lines,21,11,3,P1.4.12,6046,pure_lines,1,F,2
P2.133.01,pure_lines,21,11,4,P1.8.10,6237,pure_lines,1,H,4
P2.036.01,pure_lines,21,11,5,P1.10.38,8231,pure_lines,1,D,2
W1.16.02,pure_lines,21,11,6,Lovvik-9,Lovvik-9,pure_lines,1,B,3
P2.141.01,pure_lines,22,1,1,P1.8.34,6237,pure_lines,1,G,9
W1.13.02,pure_lines,22,1,2,Hossjo-7,Hossjo-7,pure_lines,,,
P1.9.70,pure_lines,22,1,3,2017_stock,6244,pure_lines,1,E,9
W1.11.03,pure_lines,22,1,4,Eden-Road-5,Eden-Road-5,pure_lines,1,F,12
P2.112.01,pure_lines,22,1,5,P1.6.35,6125,pure_lines,,,
P1.3.74,pure_lines,22,1,6,2017_stock,6024,pure_lines,1,D,10
P1.10.74,pure_lines,22,2,1,2017_stock,8231,pure_lines,1,A,10
P1.4.72,pure_lines,22,2,2,2017_stock,6046,pure_lines,1,B,10
P2.109.01,pure_lines,22,2,3,P1.6.26,6125,pure_lines,1,G,8
W1.4.03,pure_lines,22,2,4,Hossjo-9,Hossjo-9,pure_lines,1,H,9
P2.033.01,pure_lines,22,2,5,P1.10.32,8231,pure_lines,,,
P1.2.71,pure_lines,22,2,6,2017_stock,6017,pure_lines,1,H,6
P1.5.70,pure_lines,22,3,1,2017_stock,6092,pure_lines,1,B,9
P2.061.01,pure_lines,22,3,2,P1.3.17,6024,pure_lines,1,A,9
W1.13.03,pure_lines,22,3,3,Hossjo-7,Hossjo-7,pure_lines,1,F,8
,pure_lines,22,3,4,NA,NA,pure_lines,,,
P1.7.73,pure_lines,22,3,5,2017_stock,6184,pure_lines,,,
P1.6.71,pure_lines,22,3,6,2017_stock,6125,pure_lines,,,
P2.119.01,pure_lines,22,4,1,P1.7.09,6184,pure_lines,1,H,10
W1.14.04,pure_lines,22,4,2,Lovvik-6,Lovvik-6,pure_lines,1,F,9
P2.158.01,pure_lines,22,4,3,P1.9.47,6244,pure_lines,1,C,10
P2.080.01,pure_lines,22,4,4,P1.4.27,6046,pure_lines,1,C,11
P1.5.71,pure_lines,22,4,5,2017_stock,6092,pure_lines,1,D,9
W1.14.05,pure_lines,22,4,6,Lovvik-6,Lovvik-6,pure_lines,1,C,9
P1.2.72,pure_lines,22,5,1,2017_stock,6017,pure_lines,1,E,8
W1.10.03,pure_lines,22,5,2,Eden-Road-4,Eden-Road-4,pure_lines,1,B,8
P1.8.71,pure_lines,22,5,3,2017_stock,6237,pure_lines,1,C,8
P1.9.71,pure_lines,22,5,4,2017_stock,6244,pure_lines,1,A,11
W1.4.04,pure_lines,22,5,5,Hossjo-9,Hossjo-9,pure_lines,1,A,12
P1.6.72,pure_lines,22,5,6,2017_stock,6125,pure_lines,1,D,8
W1.14.06,pure_lines,22,6,1,Lovvik-6,Lovvik-6,pure_lines,,,
P2.155.01,pure_lines,22,6,2,P1.9.34,6244,pure_lines,1,G,10
P1.10.75,pure_lines,22,6,3,2017_stock,8231,pure_lines,,,
W1.14.07,pure_lines,22,6,4,Lovvik-6,Lovvik-6,pure_lines,,,
W1.13.04,pure_lines,22,6,5,Hossjo-7,Hossjo-7,pure_lines,1,B,11
P2.047.01,pure_lines,22,6,6,P1.2.31,6017,pure_lines,2,D,1
W1.16.03,pure_lines,22,7,1,Lovvik-9,Lovvik-9,pure_lines,1,F,10
P2.029.01,pure_lines,22,7,2,P1.10.17,8231,pure_lines,1,E,10
P1.6.73,pure_lines,22,7,3,2017_stock,6125,pure_lines,1,D,11
P2.081.01,pure_lines,22,7,4,P1.4.29,6046,pure_lines,,,
P2.149.01,pure_lines,22,7,5,P1.9.12,6244,pure_lines,,,
P1.10.76,pure_lines,22,7,6,2017_stock,8231,pure_lines,,,
W1.13.05,pure_lines,22,8,1,Hossjo-7,Hossjo-7,pure_lines,1,D,12
P1.1.71,pure_lines,22,8,2,2017_stock,1158,pure_lines,1,C,12
W1.11.04,pure_lines,22,8,3,Eden-Road-5,Eden-Road-5,pure_lines,1,G,11
P1.9.72,pure_lines,22,8,4,2017_stock,6244,pure_lines,,,
P2.153.01,pure_lines,22,8,5,P1.9.31,6244,pure_lines,,,
W1.15.03,pure_lines,22,8,6,Lovvik-7,Lovvik-7,pure_lines,,,
P2.071.01,pure_lines,22,9,1,P1.3.50,6024,pure_lines,1,E,12
P1.7.74,pure_lines,22,9,2,2017_stock,6184,pure_lines,2,A,1
P2.053.01,pure_lines,22,9,3,P1.2.46,6017,pure_lines,,,
P1.4.73,pure_lines,22,9,4,2017_stock,6046,pure_lines,1,F,11
P2.037.01,pure_lines,22,9,5,P1.10.44,8231,pure_lines,1,H,11
W1.15.04,pure_lines,22,9,6,Lovvik-7,Lovvik-7,pure_lines,1,B,12
P1.2.73,pure_lines,22,10,1,2017_stock,6017,pure_lines,1,E,11
W1.4.12,pure_lines,22,10,2,Hossjo-8,Hossjo-8,pure_lines,1,H,12
P2.145.01,pure_lines,22,10,3,P1.8.48,6237,pure_lines,2,C,1
P1.9.73,pure_lines,22,10,4,2017_stock,6244,pure_lines,1,G,12
W1.13.06,pure_lines,22,10,5,Hossjo-7,Hossjo-7,pure_lines,,,
P2.103.01,pure_lines,22,10,6,P1.6.10,6125,pure_lines,,,
W1.16.04,pure_lines,22,11,1,Lovvik-9,Lovvik-9,pure_lines,2,F,1
P2.085.01,pure_lines,22,11,2,P1.4.49,6046,pure_lines,,,
P1.4.74,pure_lines,22,11,3,2017_stock,6046,pure_lines,2,B,1
P1.5.72,pure_lines,22,11,4,2017_stock,6092,pure_lines,2,E,1
P2.076.01,pure_lines,22,11,5,P1.4.16,6046,pure_lines,,,
P2.055.01,pure_lines,22,11,6,P1.2.51,6017,pure_lines,2,G,1
W1.12.02,pure_lines,23,1,1,Eden-Road-6,Eden-Road-6,pure_lines,,,
P1.8.72,pure_lines,23,1,2,2017_stock,6237,pure_lines,,,
P2.143.01,pure_lines,23,1,3,P1.8.44,6237,pure_lines,,,
P2.096.01,pure_lines,23,1,4,P1.5.41,6092,pure_lines,,,
W1.12.03,pure_lines,23,1,5,Eden-Road-6,Eden-Road-6,pure_lines,,,
P1.1.72,pure_lines,23,1,6,2017_stock,1158,pure_lines,,,
W1.4.13,pure_lines,23,2,1,Hossjo-8,Hossjo-8,pure_lines,,,
W1.4.14,pure_lines,23,2,2,Hossjo-8,Hossjo-8,pure_lines,,,
P2.138.01,pure_lines,23,2,3,P1.8.29,6237,pure_lines,,,
W1.12.04,pure_lines,23,2,4,Eden-Road-6,Eden-Road-6,pure_lines,,,
P2.063.01,pure_lines,23,2,5,P1.3.23,6024,pure_lines,,,
P1.1.73,pure_lines,23,2,6,2017_stock,1158,pure_lines,,,
P2.015.01,pure_lines,23,3,1,P1.1.20,1158,pure_lines,,,
P1.5.73,pure_lines,23,3,2,2017_stock,6092,pure_lines,,,
P2.078.01,pure_lines,23,3,3,P1.4.22,6046,pure_lines,,,
P2.147.01,pure_lines,23,3,4,P1.9.09,6244,pure_lines,,,
W1.15.05,pure_lines,23,3,5,Lovvik-7,Lovvik-7,pure_lines,,,
P1.5.74,pure_lines,23,3,6,2017_stock,6092,pure_lines,,,
P1.9.74,pure_lines,23,4,1,2017_stock,6244,pure_lines,,,
P1.4.75,pure_lines,23,4,2,2017_stock,6046,pure_lines,,,
P2.097.01,pure_lines,23,4,3,P1.5.43,6092,pure_lines,,,
P2.123.01,pure_lines,23,4,4,P1.7.26,6184,pure_lines,,,
P2.045.01,pure_lines,23,4,5,P1.2.21,6017,pure_lines,,,
P2.118.01,pure_lines,23,4,6,P1.7.07,6184,pure_lines,,,
P2.058.01,pure_lines,23,5,1,P1.3.10,6024,pure_lines,,,
P2.090.01,pure_lines,23,5,2,P1.5.17,6092,pure_lines,,,
P1.2.74,pure_lines,23,5,3,2017_stock,6017,pure_lines,,,
W1.16.05,pure_lines,23,5,4,Lovvik-9,Lovvik-9,pure_lines,,,
P2.117.01,pure_lines,23,5,5,P1.6.45,6125,pure_lines,,,
W1.11.05,pure_lines,23,5,6,Eden-Road-5,Eden-Road-5,pure_lines,,,
P1.6.74,pure_lines,23,6,1,2017_stock,6125,pure_lines,,,
W1.15.06,pure_lines,23,6,2,Lovvik-7,Lovvik-7,pure_lines,,,
P1.2.75,pure_lines,23,6,3,2017_stock,6017,pure_lines,,,
P1.5.75,pure_lines,23,6,4,2017_stock,6092,pure_lines,,,
P1.3.75,pure_lines,23,6,5,2017_stock,6024,pure_lines,,,
P1.5.76,pure_lines,23,6,6,2017_stock,6092,pure_lines,,,
P1.6.75,pure_lines,23,7,1,2017_stock,6125,pure_lines,,,
W1.4.15,pure_lines,23,7,2,Hossjo-8,Hossjo-8,pure_lines,,,
P1.1.74,pure_lines,23,7,3,2017_stock,1158,pure_lines,,,
P2.011.01,pure_lines,23,7,4,P1.1.05,1158,pure_lines,,,
P2.028.01,pure_lines,23,7,5,P1.10.14,8231,pure_lines,,,
W1.4.16,pure_lines,23,7,6,Hossjo-8,Hossjo-8,pure_lines,,,
W1.10.04,pure_lines,23,8,1,Eden-Road-4,Eden-Road-4,pure_lines,,,
P2.092.01,pure_lines,23,8,2,P1.5.23,6092,pure_lines,,,
P2.099.01,pure_lines,23,8,3,P1.5.49,6092,pure_lines,,,
P2.043.01,pure_lines,23,8,4,P1.2.14,6017,pure_lines,,,
P1.6.76,pure_lines,23,8,5,2017_stock,6125,pure_lines,,,
P1.1.75,pure_lines,23,8,6,2017_stock,1158,pure_lines,,,
P1.7.75,pure_lines,23,9,1,2017_stock,6184,pure_lines,,,
P2.067.01,pure_lines,23,9,2,P1.3.35,6024,pure_lines,,,
P1.10.77,pure_lines,23,9,3,2017_stock,8231,pure_lines,,,
P2.025.01,pure_lines,23,9,4,P1.1.51,1158,pure_lines,,,
W1.16.06,pure_lines,23,9,5,Lovvik-9,Lovvik-9,pure_lines,,,
P1.10.78,pure_lines,23,9,6,2017_stock,8231,pure_lines,,,
P2.077.01,pure_lines,23,10,1,P1.4.18,6046,pure_lines,,,
W1.10.05,pure_lines,23,10,2,Eden-Road-4,Eden-Road-4,pure_lines,,,
P2.129.01,pure_lines,23,10,3,P1.7.46,6184,pure_lines,,,
P2.120.01,pure_lines,23,10,4,P1.7.12,6184,pure_lines,,,
W1.10.06,pure_lines,23,10,5,Eden-Road-4,Eden-Road-4,pure_lines,,,
W1.4.17,pure_lines,23,10,6,Hossjo-8,Hossjo-8,pure_lines,,,
P1.1.76,pure_lines,23,11,1,2017_stock,1158,pure_lines,,,
P1.4.76,pure_lines,23,11,2,2017_stock,6046,pure_lines,,,
P2.091.01,pure_lines,23,11,3,P1.5.22,6092,pure_lines,,,
P1.7.76,pure_lines,23,11,4,2017_stock,6184,pure_lines,,,
W1.4.05,pure_lines,23,11,5,Hossjo-9,Hossjo-9,pure_lines,,,
P1.4.77,pure_lines,23,11,6,2017_stock,6046,pure_lines,,,
P2.032.01,pure_lines,24,1,1,P1.10.31,8231,pure_lines,,,
P2.023.01,pure_lines,24,1,2,P1.1.46,1158,pure_lines,,,
P2.082.01,pure_lines,24,1,3,P1.4.30,6046,pure_lines,,,
P1.7.77,pure_lines,24,1,4,2017_stock,6184,pure_lines,,,
P1.3.76,pure_lines,24,1,5,2017_stock,6024,pure_lines,,,
P1.7.78,pure_lines,24,1,6,2017_stock,6184,pure_lines,2,C,3
P2.040.01,pure_lines,24,2,1,P1.10.49,8231,pure_lines,,,
P2.065.01,pure_lines,24,2,2,P1.3.27,6024,pure_lines,2,A,4
P1.10.79,pure_lines,24,2,3,2017_stock,8231,pure_lines,,,
P2.041.01,pure_lines,24,2,4,P1.10.51,8231,pure_lines,,,
W1.11.06,pure_lines,24,2,5,Eden-Road-5,Eden-Road-5,pure_lines,,,
W1.10.07,pure_lines,24,2,6,Eden-Road-4,Eden-Road-4,pure_lines,,,
P2.127.01,pure_lines,24,3,1,P1.7.45,6184,pure_lines,2,D,4
P1.7.79,pure_lines,24,3,2,2017_stock,6184,pure_lines,,,
P1.6.77,pure_lines,24,3,3,2017_stock,6125,pure_lines,,,
P1.2.76,pure_lines,24,3,4,2017_stock,6017,pure_lines,,,
P1.2.77,pure_lines,24,3,5,2017_stock,6017,pure_lines,,,
P1.2.78,pure_lines,24,3,6,2017_stock,6017,pure_lines,,,
P1.8.73,pure_lines,24,4,1,2017_stock,6237,pure_lines,2,D,3
P1.4.78,pure_lines,24,4,2,2017_stock,6046,pure_lines,,,
P1.1.77,pure_lines,24,4,3,2017_stock,1158,pure_lines,2,E,3
W1.13.07,pure_lines,24,4,4,Hossjo-7,Hossjo-7,pure_lines,,,
P1.1.78,pure_lines,24,4,5,2017_stock,1158,pure_lines,,,
P2.157.01,pure_lines,24,4,6,P1.9.43,6244,pure_lines,,,
P2.113.01,pure_lines,24,5,1,P1.6.35,6125,pure_lines,,,
P2.084.01,pure_lines,24,5,2,P1.4.41,6046,pure_lines,,,
P2.030.01,pure_lines,24,5,3,P1.10.19,8231,pure_lines,2,H,2
W1.16.07,pure_lines,24,5,4,Lovvik-9,Lovvik-9,pure_lines,,,
P2.019.01,pure_lines,24,5,5,P1.1.34,1158,pure_lines,2,H,3
P1.6.78,pure_lines,24,5,6,2017_stock,6125,pure_lines,2,G,3
P2.136.01,pure_lines,24,6,1,P1.8.22,6237,pure_lines,,,
P1.10.80,pure_lines,24,6,2,2017_stock,8231,pure_lines,,,
P1.5.77,pure_lines,24,6,3,2017_stock,6092,pure_lines,2,B,3
P2.031.01,pure_lines,24,6,4,P1.10.27,8231,pure_lines,,,
P2.135.01,pure_lines,24,6,5,P1.8.17,6237,pure_lines,,,
P1.10.81,pure_lines,24,6,6,2017_stock,8231,pure_lines,,,
P1.9.75,pure_lines,24,7,1,2017_stock,6244,pure_lines,,,
P1.1.79,pure_lines,24,7,2,2017_stock,1158,pure_lines,2,C,4
P1.6.79,pure_lines,24,7,3,2017_stock,6125,pure_lines,,,
W1.13.08,pure_lines,24,7,4,Hossjo-7,Hossjo-7,pure_lines,,,
P2.018.01,pure_lines,24,7,5,P1.1.31,1158,pure_lines,2,E,4
P2.035.01,pure_lines,24,7,6,P1.10.37,8231,pure_lines,,,
P2.152.01,pure_lines,24,8,1,P1.9.23,6244,pure_lines,,,
P2.124.01,pure_lines,24,8,2,P1.7.35,6184,pure_lines,2,B,4
P1.6.80,pure_lines,24,8,3,2017_stock,6125,pure_lines,2,F,3
P2.057.01,pure_lines,24,8,4,P1.3.09,6024,pure_lines,,,
P2.042.01,pure_lines,24,8,5,P1.2.09,6017,pure_lines,,,
P2.148.01,pure_lines,24,8,6,P1.9.10,6244,pure_lines,,,
P1.4.79,pure_lines,24,9,1,2017_stock,6046,pure_lines,,,
P2.070.01,pure_lines,24,9,2,P1.3.46,6024,pure_lines,2,C,2
W1.15.07,pure_lines,24,9,3,Lovvik-7,Lovvik-7,pure_lines,2,D,2
P2.046.01,pure_lines,24,9,4,P1.2.26,6017,pure_lines,,,
P1.9.76,pure_lines,24,9,5,2017_stock,6244,pure_lines,2,A,2
P1.2.79,pure_lines,24,9,6,2017_stock,6017,pure_lines,2,A,3
P2.110.01,pure_lines,24,10,1,P1.6.26,6125,pure_lines,,,
P2.050.01,pure_lines,24,10,2,P1.2.43,6017,pure_lines,,,
P2.056.01,pure_lines,24,10,3,P1.2.53,6017,pure_lines,,,
W1.16.08,pure_lines,24,10,4,Lovvik-9,Lovvik-9,pure_lines,2,F,2
W1.16.09,pure_lines,24,10,5,Lovvik-9,Lovvik-9,pure_lines,,,
P1.8.74,pure_lines,24,10,6,2017_stock,6237,pure_lines,2,H,1
P1.8.75,pure_lines,24,11,1,2017_stock,6237,pure_lines,2,E,2
P1.5.78,pure_lines,24,11,2,2017_stock,6092,pure_lines,2,G,2
P1.1.80,pure_lines,24,11,3,2017_stock,1158,pure_lines,2,B,2
P1.4.80,pure_lines,24,11,4,2017_stock,6046,pure_lines,,,
W1.4.06,pure_lines,24,11,5,Hossjo-9,Hossjo-9,pure_lines,,,
P2.105.01,pure_lines,24,11,6,P1.6.13,6125,pure_lines,,,
P2.027.01,pure_lines,25,1,1,P1.10.07,8231,pure_lines,,,
W1.14.08,pure_lines,25,1,2,Lovvik-6,Lovvik-6,pure_lines,,,
P1.4.81,pure_lines,25,1,3,2017_stock,6046,pure_lines,,,
P2.128.01,pure_lines,25,1,4,P1.7.45,6184,pure_lines,,,
P2.020.01,pure_lines,25,1,5,P1.1.35,1158,pure_lines,,,
P2.089.01,pure_lines,25,1,6,P1.5.14,6092,pure_lines,,,
W1.4.07,pure_lines,25,2,1,Hossjo-9,Hossjo-9,pure_lines,,,
W1.12.05,pure_lines,25,2,2,Eden-Road-6,Eden-Road-6,pure_lines,2,A,5
P2.017.01,pure_lines,25,2,3,P1.1.28,1158,pure_lines,,,
W1.11.07,pure_lines,25,2,4,Eden-Road-5,Eden-Road-5,pure_lines,2,G,4
P1.2.80,pure_lines,25,2,5,2017_stock,6017,pure_lines,,,
P2.132.01,pure_lines,25,2,6,P1.8.09,6237,pure_lines,,,
W1.11.08,pure_lines,25,3,1,Eden-Road-5,Eden-Road-5,pure_lines,,,
P1.8.76,pure_lines,25,3,2,2017_stock,6237,pure_lines,,,
P1.1.81,pure_lines,25,3,3,2017_stock,1158,pure_lines,,,
P1.8.77,pure_lines,25,3,4,2017_stock,6237,pure_lines,,,
P1.1.82,pure_lines,25,3,5,2017_stock,1158,pure_lines,,,
P2.100.01,pure_lines,25,3,6,P1.5.50,6092,pure_lines,2,H,4
P2.154.01,pure_lines,25,4,1,P1.9.32,6244,pure_lines,,,
P2.039.01,pure_lines,25,4,2,P1.10.48,8231,pure_lines,,,
P2.144.01,pure_lines,25,4,3,P1.8.45,6237,pure_lines,,,
P2.150.01,pure_lines,25,4,4,P1.9.19,6244,pure_lines,,,
P1.2.81,pure_lines,25,4,5,2017_stock,6017,pure_lines,,,
P1.9.77,pure_lines,25,4,6,2017_stock,6244,pure_lines,,,
P1.5.79,pure_lines,25,5,1,2017_stock,6092,pure_lines,,,
P1.9.78,pure_lines,25,5,2,2017_stock,6244,pure_lines,,,
,pure_lines,25,5,3,NA,NA,pure_lines,,,
P2.051.01,pure_lines,25,5,4,P1.2.44,6017,pure_lines,,,
P1.6.81,pure_lines,25,5,5,2017_stock,6125,pure_lines,,,
W1.4.08,pure_lines,25,5,6,Hossjo-9,Hossjo-9,pure_lines,,,
W1.11.09,pure_lines,25,6,1,Eden-Road-5,Eden-Road-5,pure_lines,,,
,pure_lines,25,6,2,NA,NA,pure_lines,,,
P1.3.77,pure_lines,25,6,3,2017_stock,6024,pure_lines,,,
W1.4.09,pure_lines,25,6,4,Hossjo-9,Hossjo-9,pure_lines,,,
P1.3.78,pure_lines,25,6,5,2017_stock,6024,pure_lines,,,
P1.9.79,pure_lines,25,6,6,2017_stock,6244,pure_lines,2,F,4
P1.2.82,pure_lines,25,7,1,2017_stock,6017,pure_lines,,,
P2.108.01,pure_lines,25,7,2,P1.6.22,6184,pure_lines,,,
P2.048.01,pure_lines,25,7,3,P1.2.32,6017,pure_lines,,,
W1.16.10,pure_lines,25,7,4,Lovvik-9,Lovvik-9,pure_lines,,,
W1.15.08,pure_lines,25,7,5,Lovvik-7,Lovvik-7,pure_lines,2,B,4
P2.125.01,pure_lines,25,7,6,P1.7.39,6184,pure_lines,,,
W1.4.18,pure_lines,25,8,1,Hossjo-8,Hossjo-8,pure_lines,,,
P1.4.82,pure_lines,25,8,2,2017_stock,6046,pure_lines,,,
P1.6.82,pure_lines,25,8,3,2017_stock,6125,pure_lines,,,
P1.8.78,pure_lines,25,8,4,2017_stock,6237,pure_lines,,,
P1.6.83,pure_lines,25,8,5,2017_stock,6125,pure_lines,,,
P1.5.80,pure_lines,25,8,6,2017_stock,6092,pure_lines,,,
P2.115.01,pure_lines,25,9,1,P1.6.44,6125,pure_lines,,,
P1.9.80,pure_lines,25,9,2,2017_stock,6244,pure_lines,,,
P2.156.01,pure_lines,25,9,3,P1.9.41,6244,pure_lines,,,
P2.111.01,pure_lines,25,9,4,P1.6.26,6125,pure_lines,,,
P1.3.79,pure_lines,25,9,5,2017_stock,6024,pure_lines,,,
P1.3.80,pure_lines,25,9,6,2017_stock,6024,pure_lines,,,
P1.8.79,pure_lines,25,10,1,2017_stock,6237,pure_lines,,,
P1.9.81,pure_lines,25,10,2,2017_stock,6244,pure_lines,,,
P2.068.01,pure_lines,25,10,3,P1.3.45,6024,pure_lines,,,
P1.9.82,pure_lines,25,10,4,2017_stock,6244,pure_lines,,,
P2.122.01,pure_lines,25,10,5,P1.7.18,6184,pure_lines,,,
P1.3.81,pure_lines,25,10,6,2017_stock,6024,pure_lines,,,
P2.062.01,pure_lines,25,11,1,P1.3.19,6024,pure_lines,,,
W1.12.06,pure_lines,25,11,2,Eden-Road-6,Eden-Road-6,pure_lines,,,
W1.10.08,pure_lines,25,11,3,Eden-Road-4,Eden-Road-4,pure_lines,,,
P2.064.01,pure_lines,25,11,4,P1.3.23,6024,pure_lines,,,
P1.5.81,pure_lines,25,11,5,2017_stock,6092,pure_lines,,,
P2.066.01,pure_lines,25,11,6,P1.3.27,6024,pure_lines,,,
W1.12.07,pure_lines,26,1,1,Eden-Road-6,Eden-Road-6,pure_lines,2,E,5
P2.107.01,pure_lines,26,1,2,P1.6.19,6125,pure_lines,,,
P1.8.80,pure_lines,26,1,3,2017_stock,6237,pure_lines,,,
P1.5.82,pure_lines,26,1,4,2017_stock,6092,pure_lines,,,
P2.013.01,pure_lines,26,1,5,P1.1.18,1158,pure_lines,,,
W1.4.19,pure_lines,26,1,6,Hossjo-8,Hossjo-8,pure_lines,2,G,5
P2.086.01,pure_lines,26,2,1,P1.4.53,6046,pure_lines,,,
P1.3.82,pure_lines,26,2,2,2017_stock,6024,pure_lines,,,
P1.2.83,pure_lines,26,2,3,2017_stock,6017,pure_lines,,,
P2.151.01,pure_lines,26,2,4,P1.9.21,6244,pure_lines,,,
,pure_lines,26,2,5,NA,NA,pure_lines,,,
P2.069.01,pure_lines,26,2,6,P1.3.45,6024,pure_lines,,,
P2.093.01,pure_lines,26,3,1,P1.5.26,6092,pure_lines,,,
P1.7.80,pure_lines,26,3,2,2017_stock,6184,pure_lines,,,
P1.4.83,pure_lines,26,3,3,2017_stock,6046,pure_lines,,,
W1.10.09,pure_lines,26,3,4,Eden-Road-4,Eden-Road-4,pure_lines,2,A,6
W1.13.09,pure_lines,26,3,5,Hossjo-7,Hossjo-7,pure_lines,,,
P1.7.81,pure_lines,26,3,6,2017_stock,6184,pure_lines,,,
P1.1.83,pure_lines,26,4,1,2017_stock,1158,pure_lines,,,
P1.3.83,pure_lines,26,4,2,2017_stock,6024,pure_lines,,,
P1.8.81,pure_lines,26,4,3,2017_stock,6237,pure_lines,,,
P2.034.01,pure_lines,26,4,4,P1.10.33,8231,pure_lines,,,
P1.5.83,pure_lines,26,4,5,2017_stock,6092,pure_lines,,,
W1.14.09,pure_lines,26,4,6,Lovvik-6,Lovvik-6,pure_lines,,,
P1.7.82,pure_lines,26,5,1,2017_stock,6184,pure_lines,,,
P1.5.84,pure_lines,26,5,2,2017_stock,6092,pure_lines,,,
P1.8.82,pure_lines,26,5,3,2017_stock,6237,pure_lines,,,
W1.4.10,pure_lines,26,5,4,Hossjo-9,Hossjo-9,pure_lines,,,
P2.060.01,pure_lines,26,5,5,P1.3.12,6024,pure_lines,,,
W1.11.10,pure_lines,26,5,6,Eden-Road-5,Eden-Road-5,pure_lines,,,
P1.10.82,pure_lines,26,6,1,2017_stock,8231,pure_lines,,,
W1.13.10,pure_lines,26,6,2,Hossjo-7,Hossjo-7,pure_lines,,,
P1.9.83,pure_lines,26,6,3,2017_stock,6244,pure_lines,,,
P1.2.84,pure_lines,26,6,4,2017_stock,6017,pure_lines,,,
P1.7.83,pure_lines,26,6,5,2017_stock,6184,pure_lines,,,
P1.10.83,pure_lines,26,6,6,2017_stock,8231,pure_lines,,,
,pure_lines,26,7,1,NA,NA,pure_lines,,,
P2.131.01,pure_lines,26,7,2,P1.8.07,6237,pure_lines,,,
P1.9.84,pure_lines,26,7,3,2017_stock,6244,pure_lines,,,
P2.137.01,pure_lines,26,7,4,P1.8.27,6237,pure_lines,,,
,pure_lines,26,7,5,NA,NA,pure_lines,,,
W1.4.20,pure_lines,26,7,6,Hossjo-8,Hossjo-8,pure_lines,2,C,5
P2.134.01,pure_lines,26,8,1,P1.8.11,6237,pure_lines,,,
P1.6.84,pure_lines,26,8,2,2017_stock,6125,pure_lines,,,
P1.4.84,pure_lines,26,8,3,2017_stock,6046,pure_lines,,,
P1.3.84,pure_lines,26,8,4,2017_stock,6024,pure_lines,,,
P2.024.01,pure_lines,26,8,5,P1.1.50,1158,pure_lines,,,
W1.12.08,pure_lines,26,8,6,Eden-Road-6,Eden-Road-6,pure_lines,,,
P1.1.84,pure_lines,26,9,1,2017_stock,1158,pure_lines,,,
P1.7.84,pure_lines,26,9,2,2017_stock,6184,pure_lines,,,
P2.054.01,pure_lines,26,9,3,P1.2.48,6017,pure_lines,,,
W1.15.09,pure_lines,26,9,4,Lovvik-7,Lovvik-7,pure_lines,,,
P2.072.01,pure_lines,26,9,5,P1.4.07,6046,pure_lines,,,
P2.130.01,pure_lines,26,9,6,P1.7.51,6184,pure_lines,,,
W1.14.10,pure_lines,26,10,1,Lovvik-6,Lovvik-6,pure_lines,,,
W1.10.10,pure_lines,26,10,2,Eden-Road-4,Eden-Road-4,pure_lines,2,D,5
P2.087.01,pure_lines,26,10,3,P1.5.04,6092,pure_lines,,,
P2.094.01,pure_lines,26,10,4,P1.5.33,6092,pure_lines,,,
P2.012.01,pure_lines,26,10,5,P1.1.07,1158,pure_lines,,,
W1.15.10,pure_lines,26,10,6,Lovvik-7,Lovvik-7,pure_lines,,,
P1.8.83,pure_lines,26,11,1,2017_stock,6237,pure_lines,2,H,5
P1.8.84,pure_lines,26,11,2,2017_stock,6237,pure_lines,,,
W1.12.09,pure_lines,26,11,3,Eden-Road-6,Eden-Road-6,pure_lines,2,F,5
W1.12.10,pure_lines,26,11,4,Eden-Road-6,Eden-Road-6,pure_lines,,,
P2.142.01,pure_lines,26,11,5,P1.8.35,6237,pure_lines,,,
P2.121.01,pure_lines,26,11,6,P1.7.17,6184,pure_lines,,,
