id,name,country,latitude,longitude,FT10,FT16
88,CYR,FRA,47.4,0.683333,61.25,50.5
108,LDV-18,FRA,48.5167,-4.06667,70,52.25
139,LDV-46,FRA,48.5167,-4.06667,68.75,52.75
159,MAR2-3,FRA,47.35,3.93333,72,56.75
265,PYL-6,FRA,44.65,-1.16667,63.5,47.25
350,TOU-A1-88,FRA,46.6667,4.11667,68.5,51.5
351,TOU-A1-89,FRA,46.6667,4.11667,69.25,65.33333333
403,Zdarec3,CZE,49.3667,16.2667,63.5,54.25
410,Doubravnik7,CZE,49.4211,16.3497,76,65.25
424,Draha2,CZE,49.4112,16.2815,83.25,68.25
428,Borky1,CZE,49.403,16.232,75.75,59
430,Gr-1,AUT,47,15.5,92.33333333,55
630,LI-OF-065,USA,40.7777,-72.9069,73.5,58.75
763,Kar-1,KGZ,42.3,74.3667,65.75,39
765,Sus-1,KGZ,42.1833,73.4,56.75,36.66666667
766,Dja-1,KGZ,42.5833,73.6333,63.5,41.75
768,Zal-1,KGZ,42.8,76.35,76.5,78.25
770,Kyr-1,KGZ,40.046526,72.683613,75.25,72.25
772,Neo-6,TJK,37.35,72.4667,67.5,43.5
801,KYC-33,USA,37.9169,-84.4639,94.75,88.25
870,MIC-31,USA,41.8266,-86.4366,72.5,62.25
915,LIN S-5,USA,41.8972,-71.4378,63.75,43.5
932,CHA-41,USA,42.3634,-71.1445,78,68.75
991,Ale-Stenar-41-1,SWE,55.3833,14.05,110.5,106.75
992,Ale-Stenar-44-4,SWE,55.3833,14.05,116,100
997,Ale-Stenar-56-14,SWE,55.3833,14.05,101.25,87.5
1002,Ale-Stenar-64-24,SWE,55.3833,14.05,102.75,86.25
1061,Br�_sarp-11-135,SWE,55.7167,14.1333,97.75,94.75
1062,Br�_sarp-15-138,SWE,55.7167,14.1333,94,68.25
1063,Br�_sarp-21-140,SWE,55.7167,14.1333,84,64.25
1066,Br�_sarp-34-145,SWE,55.7167,14.1333,128,NA
1074,Br�_sarp-61-162,SWE,55.7167,14.1333,98.25,90.75
1137,G�rdby-22-213,SWE,56.6167,16.65,111.25,107.6666667
1158,Aledal-6-49,SWE,56.7,16.5167,98.75,88
1254,Tos-82-387,SWE,59.4333,17.0167,92,106
1257,Tos-95-393,SWE,59.4333,17.0167,94.66666667,93.25
1317,�ngs�_-74-430,SWE,59.5667,16.8667,104.25,102
1318,�ngs�_-80-432,SWE,59.5667,16.8667,89.75,123
1363,Ham-7-233,SWE,59.7833,17.5833,104.75,96
1367,Ham-13-241,SWE,59.7833,17.5833,101.75,88.75
1435,R�_d-17-319,SWE,62.8,18.2,72.25,45.66666667
1552,Sku-30,SWE,63.0833,18.3667,104,115.3333333
1585,Hen-16-268,SWE,65.25,15.6,103.5,103.25
1829,Mdn-1,USA,42.051,-86.509,94.75,99
1853,MNF-Pot-21,USA,43.595,-86.2657,71.5,69.33333333
1872,MNF-Pot-75,USA,43.595,-86.2657,80.25,82.5
1890,MNF-Riv-21,USA,43.5139,-86.1859,101,75.75
1925,MNF-Che-2,USA,43.5251,-86.1843,89.5,89.5
1954,MNF-Jac-12,USA,43.5187,-86.1739,93,101
2016,MNF-Pin-39,USA,43.5356,-86.1788,77.5,69.75
2171,Paw-26,USA,42.148,-86.431,79,82.5
2202,Pent-23,USA,43.7623,-86.3929,97.75,96.5
2276,SLSP-31,USA,43.665,-86.496,83,84.25
2278,SLSP-35,USA,43.665,-86.496,79.25,85
2317,Ste-40,USA,42.03,-86.514,77,53.5
4779,UKSW06-179,UK,50.4,-4.9,68.66666667,50.25
4807,UKSW06-207,UK,50.4,-4.9,79.75,87.5
4826,UKSW06-226,UK,50.4,-4.9,60,51
4884,UKSW06-285,UK,50.3,-4.9,70.25,49.5
4900,UKSW06-302,UK,50.3,-4.8,71,50.25
4931,UKSW06-333,UK,50.327643,-4.6,62.75,48
4958,UKSW06-360,UK,50.5,-4.5,91.25,100.25
5023,UKSE06-118,UK,51.3,0.5,61,43.75
5104,UKSE06-252,UK,51.3,0.5,60,40.75
5151,UKSE06-325,UK,52.2,-1.7,81.75,73.66666667
5165,UKSE06-362,UK,51.3,0.4,86.5,81.75
5210,UKSE06-432,UK,51.2,0.3,96,78
5236,UKSE06-470,UK,51.2,0.4,58.5,43.5
5253,UKSE06-500,UK,51.1,0.6,62.75,38
5276,UKSE06-533,UK,51.3,1.1,74.5,49.75
5349,UKSE06-639,UK,51.1,0.4,92,97.33333333
5353,UKNW06-003,UK,54.5,-3,71,62.5
5470,UKNW06-212,UK,54.7,-3.4,154.6666667,NA
5486,UKNW06-233,UK,54.6,-3.3,60.5,37.5
5506,UKNW06-281,UK,54.6,-3.1,125,132
5535,UKNW06-354,UK,54.6,-3.1,81.5,70.75
5577,UKNW06-403,UK,54.7,-3.4,66.75,51
5644,UKNW06-481,UK,54.4,-2.9,60.75,46.25
5720,Cal-2,UK,53.3,-1.6,92,63.33333333
5726,Cnt-1,UK,51.3,1.1,74,48
5741,For-2,UK,56.6,-4.1,97.25,88.5
5748,Kil-0,UK,56,-4.4,60.75,41.75
5757,Mc-1,UK,54.6,-2.3,87.75,66.66666667
5768,UKID63,UK,54.1,-1.5,96.25,85
5772,Set-1,UK,54.1,-2.3,66.75,49
5778,Sna-1,UK,52.2,1.5,66.25,42.5
5779,UKID74,UK,51,-3.1,90.5,67
5784,Ty-1,UK,56.4,-5.2,101.75,69.25
5800,UKID96,UK,57.4,-5.5,61.75,39
5811,UKID107,UK,52.9,-3.1,72,46
5818,UKID114,UK,51.8,-0.6,65.75,40.33333333
5822,UKID116,UK,56.7333,-5.98333,112.75,111
5829,Ale1-2,SWE,55.38383,14.06125,66.75,53.66666667
5830,App1-12,SWE,56.3333,15.9667,97.75,75.33333333
5831,App1-14,SWE,56.3333,15.9667,99.5,93
5832,App1-16,SWE,56.3333,15.9667,88.5,87.33333333
5835,Bil-3,SWE,63.324,18.484,73,43.5
5837,Bor-1,CZE,49.4013,16.2326,80.5,55.25
5856,D�_r-10,SWE,63.0167,17.4914,119,NA
5865,Dra1-4,SWE,55.76,14.12,109.75,101
5867,Dra2-1,SWE,55.76,14.12,130.5,NA
5874,DraII-6,CZE,49.4112,16.2815,78,69.25
5890,DraIV 1-8,CZE,49.4112,16.2815,78.25,55.25
5893,DraIV 1-11,CZE,49.4112,16.2815,73.75,64.25
5907,DraIV 2-9,CZE,49.4112,16.2815,66.5,48.5
5921,DraIV 3-7,CZE,49.4112,16.2815,82.5,55.75
5950,DraIV 5-12,CZE,49.4112,16.2815,81.25,65.5
5964,DraIV 5-28,CZE,49.4112,16.2815,72.5,56.5
5984,DraIV 6-13,CZE,49.4112,16.2815,66.75,41.75
5993,DraIV 6-22,CZE,49.4112,16.2815,82.5,64.75
6008,Duk,CZE,49.1,16.2,73.5,43
6009,Eden-1,SWE,62.877,18.177,103,113.5
6011,Eden-6,SWE,62.877,18.177,97.33333333,112.5
6012,Eden-7,SWE,62.877,18.177,102,125
6013,Eden-9,SWE,62.877,18.177,93.75,93
6016,Eds-1,SWE,62.9,18.4,87.33333333,83.5
6017,Eds-9,SWE,62.9,18.4,96.5,104
6019,Fj�_1-2,SWE,56.06,14.29,103.5,NA
6020,Fj�_1-5,SWE,56.06,14.29,94,87.25
6021,Fj�_2-4,SWE,56.06,14.29,94.25,87
6023,Fly2-1,SWE,55.7509,13.3712,93.75,89.25
6024,Fly2-2,SWE,55.7509,13.3712,106.75,116
6025,Gro-3,SWE,62.6437,17.7339,129.25,NA
6030,Gr�_n-5,SWE,62.806,18.1896,107.25,129
6034,Hov1-7,SWE,56.1,13.74,102.75,80.5
6035,Hov1-10,SWE,56.1,13.74,83,73.75
6036,Hov3-2,SWE,56.1,13.74,94.25,86.33333333
6038,Hov3-5,SWE,56.1,13.74,91.25,77.25
6039,Hovdala-2,SWE,56.1,13.74,91,62
6040,Kni-1,SWE,55.66,13.4,93.25,82.5
6041,Lis-3,SWE,56.0328,14.775,78.75,51.5
6042,Lom1-1,SWE,56.09,13.9,63.5,43
6043,L�_v-1,SWE,62.801,18.079,110,130.6666667
6046,L�_v-5,SWE,62.801,18.079,117.25,117
6064,Nyl-2,SWE,62.9513,18.2763,103.6666667,129.5
6069,Nyl-7,SWE,62.9513,18.2763,107.25,139
6070,Omn-1,SWE,62.9308,18.3448,106.75,119.3333333
6071,Omn-5,SWE,62.9308,18.3448,120.75,139.5
6073,�_M�_1-7,SWE,56.1481,15.8155,102.25,96.5
6074,�_r-1,SWE,56.4573,16.1308,101,85.75
6076,Rev-2,SWE,55.6942,13.4504,121.5,110.5
6085,Sparta-1,SWE,55.7097,13.2145,124.25,128
6086,Sr:3,SWE,58.9,11.2,100.5,100.75
6088,Stu1-1,SWE,56.4666,16.1284,107.6666667,128
6090,T1000,SWE,55.6525,13.2197,94.75,105
6092,T1020,SWE,55.6514,13.2233,103,89.5
6094,T1040,SWE,55.6494,13.2147,101.75,92.66666667
6097,T1070,SWE,55.6481,13.2264,114.5,94
6098,T1080,SWE,55.6561,13.2178,112.25,105
6099,T1090,SWE,55.6575,13.2386,117,113.6666667
6100,T1110,SWE,55.6,13.2,102,108.3333333
6102,T1130,SWE,55.6,13.2,122.3333333,103.5
6104,T1160,SWE,55.7,13.2,100,109.5
6105,T450,SWE,55.7967,13.1211,97.75,87.66666667
6106,T460,SWE,55.7931,13.1186,102,94.75
6107,T470,SWE,55.7942,13.1222,119,105.25
6108,T480,SWE,55.7989,13.1206,78.75,52.75
6109,T510,SWE,55.7936,13.1233,100.75,99
6111,T530,SWE,55.7989,13.1219,111.75,93.66666667
6112,T540,SWE,55.7967,13.1044,94.5,76.75
6113,T550,SWE,55.8078,13.1028,132.6666667,NA
6114,T570,SWE,55.8097,13.1342,97,92
6115,T580,SWE,55.8,13.1367,97.5,74.75
6118,T610,SWE,55.7,13.2,98.25,99.25
6122,T670,SWE,55.8364,13.3075,101.5,90
6124,T690,SWE,55.8378,13.3092,129.5,106
6125,T710,SWE,55.8403,13.3106,106.25,100
6126,T720,SWE,55.8411,13.3047,103.25,89
6127,T730,SWE,55.8428,13.3058,124,132.6666667
6128,T740,SWE,55.8397,13.2881,122.3333333,113
6129,T750,SWE,55.8544,13.2875,109.75,131
6131,T780,SWE,55.8369,13.3181,119,137
6132,T790,SWE,55.8386,13.3186,106,102.5
6133,T800,SWE,55.8364,13.2906,111.75,91.75
6134,T810,SWE,55.8383,13.2906,110,100.3333333
6136,T840,SWE,55.9336,13.5519,96.5,84.5
6137,T850,SWE,55.9419,13.5603,92.5,87.75
6138,T860,SWE,55.9403,13.5511,97,90.75
6140,T880,SWE,55.9392,13.5539,98.75,103.25
6142,T900,SWE,55.9428,13.5558,98.5,107.5
6145,T930,SWE,55.9497,13.5533,116,111.5
6148,T960,SWE,55.9319,13.5508,105,105.6666667
6149,T970,SWE,55.9281,13.5481,106,99
6150,T980,SWE,55.9261,13.5319,111.3333333,101.6666667
6151,T990,SWE,55.6528,13.2244,99.5,103.3333333
6153,TAA 03,SWE,62.6425,17.7422,149.25,116
6154,TAA 04,SWE,62.6422,17.7406,149.3333333,NA
6163,TAA 14,SWE,62.6425,17.7356,157.5,NA
6166,TAA 17,SWE,62.6425,17.7372,144,NA
6169,T�D 01,SWE,62.8714,18.3447,116,113.5
6171,T�D 03,SWE,62.8717,18.3444,103.25,108
6172,T�D 04,SWE,62.8717,18.3436,110.5,114
6173,T�D 05,SWE,62.8717,18.3419,91.75,101
6174,T�D 06,SWE,62.8719,18.3422,100,128
6177,T�L 03,SWE,62.6322,17.69,99,105.5
6180,T�L 07,SWE,62.6322,17.6906,71,41.25
6184,TB�_ 01,SWE,62.8892,18.4522,93.66666667,103.6666667
6188,TDr-1,SWE,55.7683,14.1386,73.25,53.5
6189,TDr-2,SWE,55.7686,14.1383,74,56.66666667
6191,TDr-4,SWE,55.7689,14.1375,78.33333333,58.5
6192,TDr-5,SWE,55.7692,14.1369,95,63
6193,TDr-7,SWE,55.7694,14.1347,83,54.5
6194,TDr-8,SWE,55.7706,14.1342,110.5,91.5
6195,TDr-9,SWE,55.7708,14.1342,83.75,59
6197,TDr-11,SWE,55.7714,14.1333,75.25,59
6198,TDr-13,SWE,55.7708,14.1331,88.25,92.5
6201,TDr-16,SWE,55.7719,14.1211,94.25,103
6202,TDr-17,SWE,55.7717,14.1206,109.75,128
6203,TDr-18,SWE,55.7714,14.1208,108,119.6666667
6209,TEDEN 02,SWE,62.8836,18.1842,94,107
6210,TEDEN 03,SWE,62.8839,18.1836,100.75,125
6216,TF� 06,SWE,63.0167,18.3283,134.5,NA
6217,TF� 07,SWE,63.0169,18.3283,111.25,127
6218,TF� 08,SWE,63.0172,18.3283,124,137
6220,TGR 01,SWE,62.806,18.1896,103,117.3333333
6221,TGR 02,SWE,62.806,18.1896,108,110
6231,TNY 04,SWE,62.96,18.2844,109.25,NA
6235,TOM 01,SWE,62.9611,18.3589,119.5,NA
6237,TOM 03,SWE,62.9619,18.35,106,109
6238,TOM 04,SWE,62.9619,18.35,104.5,124
6240,TOM 06,SWE,62.9622,18.35,98.25,125.6666667
6241,TOM 07,SWE,62.9614,18.3608,96.25,117.5
6242,Tomegap-2,SWE,55.7,13.2,83.66666667,86.5
6243,Tottarp-2,SWE,56.27373,13.90045,66.75,43.75
6244,TR� 01,SWE,62.9169,18.4728,90.75,108.25
6252,TV-4,SWE,55.5796,14.3336,122.75,NA
6255,TV-7,SWE,55.5796,14.334,134,NA
6258,TV-10,SWE,55.5796,14.3336,119.25,126.6666667
6268,TV-22,SWE,55.5796,14.3336,115,128.6666667
6276,TV-30,SWE,55.5796,14.3336,131,143
6284,TV-38,SWE,55.5796,14.3336,117.5,131.5
6288,Udu-12,CZE,49.2771,16.6314,87.5,98
6296,UduI 1-11,CZE,49.2771,16.6314,75,47
6390,UduI 3-36,CZE,49.2771,16.6314,71.75,61.33333333
6396,UduI 4-9,CZE,49.2771,16.6314,82.75,70.75
6413,Ull3-4,SWE,56.06,13.97,104.25,95
6424,ZdrI 1-23,CZE,49.3853,16.2544,77,53
6434,ZdrI 2-9,CZE,49.3853,16.2544,62.75,40
6445,ZdrI 2-21,CZE,49.3853,16.2544,67,50
6680,ANH-1,GER,51.85,6.4333,99.25,92.33333333
6709,Bg-2,USA,47.6479,-122.305,69,49.5
6744,CSHL-5,USA,40.8585,-73.4675,63.25,47.25
6830,Kz-13,KAZ,49.5,73.1,69.75,41.25
6897,Ag-0,FRA,45,1.3,68,66.25
6898,An-1,BEL,51.2167,4.4,57.5,34.25
6900,Bil-5,SWE,63.324,18.484,116,121.5
6901,Bil-7,SWE,63.324,18.484,95.5,117
6903,Bor-4,CZE,49.4013,16.2326,81.5,56.25
6904,Br-0,CZE,49.2,16.6166,72.25,65.33333333
6906,C24,POR,40.2077,-8.42639,55.75,NA
6907,CIBC-17,UK,51.4083,-0.6383,72,60.25
6908,CIBC-5,UK,51.4083,-0.6383,66,59
6909,Col-0,USA,38.3,-92.3,70.5,38
6911,Cvi-0,CPV,15.1111,-23.6167,62.75,47.25
6913,Eden-2,SWE,62.877,18.177,120.6666667,NA
6915,Ei-2,GER,50.3,6.3,76.5,56.75
6916,Est-1,RUS,58.3,25.3,75,45.66666667
6917,F�_b-2,SWE,63.0165,18.3174,144,NA
6918,F�_b-4,SWE,63.0165,18.3174,123,NA
6919,Ga-0,GER,50.3,8,76.75,94
6920,Got-22,GER,51.5338,9.9355,86.75,93.75
6921,Got-7,GER,51.5338,9.9355,83.25,79.5
6922,Gu-0,GER,50.3,8,71,44.5
6923,HR-10,UK,51.4083,-0.6383,57,41.5
6924,HR-5,UK,51.4083,-0.6383,61.5,47
6926,Kin-0,USA,44.46,-85.37,66.25,45.75
6927,KNO-10,USA,41.2816,-86.621,73.5,63
6928,KNO-18,USA,41.2816,-86.621,77.25,63.66666667
6929,Kondara,TJK,38.48,68.49,78.5,61.75
6931,Kz-9,KAZ,49.5,73.1,59.75,48.5
6932,Ler-1,GER,47.984,10.8719,63.5,40.33333333
6933,LL-0,ESP,41.59,2.49,63.75,54.5
6936,Lz-0,FRA,46,3.3,80.5,56.5
6937,Mrk-0,GER,49,9.3,75.75,57.25
6938,Ms-0,RUS,55.7522,37.6322,72,70.75
6939,Mt-0,LIB,32.34,22.46,61.25,44
6940,Mz-0,GER,50.3,8.3,64.25,39.25
6943,NFA-10,UK,51.4083,-0.6383,60.75,42.5
6944,NFA-8,UK,51.4083,-0.6383,63.75,44.5
6945,Nok-3,NED,52.24,4.45,76.5,56
6951,Pu2-23,CZE,49.42,16.36,79.5,59
6956,Pu2-7,CZE,49.42,16.36,84.5,72.5
6957,Pu2-8,CZE,49.42,16.36,81.25,84.66666667
6958,Ra-0,FRA,46,3.3,68.75,41.66666667
6959,Rennes-1,FRA,48.5,-1.41,71.75,53.25
6960,Rennes-11,FRA,48.5,-1.41,55,39.75
6961,Se-0,ESP,38.3333,-3.53333,59,50.33333333
6963,Sorbo,TJK,38.35,68.48,78.75,64.25
6964,Spr1-2,SWE,56.31635,16.03529,94.75,103.3333333
6965,Spr1-6,SWE,56.31635,16.03529,94.66666667,113.3333333
6966,Sq-1,UK,51.4083,-0.6383,62.25,55.125
6967,Sq-8,UK,51.4083,-0.6383,62.75,42
6968,Tamm-2,FIN,60,23.5,92.5,91.33333333
6969,Tamm-27,FIN,60,23.5,91.25,96
6970,Ts-1,ESP,41.7194,2.93056,62.5,50.25
6971,Ts-5,ESP,41.7194,2.93056,66.25,63.66666667
6972,Tsu-1,JPN,34.43,136.31,79.5,NA
6973,Ull2-3,SWE,56.0648,13.9707,77.25,46.25
6974,Ull2-5,SWE,56.0648,13.9707,108.75,125.25
6975,Uod-1,AUT,48.3,14.45,67.25,47.25
6976,Uod-7,AUT,48.3,14.45,71.25,69.5
6979,Wei-0,SUI,47.25,8.26,54.75,36
6981,Ws-2,RUS,52.3,30,62.25,43
6982,Wt-5,GER,52.3,9.3,78.5,44
6984,Zdr-1,CZE,49.3853,16.2544,69.25,47.75
6985,Zdr-6,CZE,49.3853,16.2544,65.5,53
6986,Abd-0,UK,57.1539,-2.2207,61.5,43.75
6987,Ak-1,GER,48.0683,7.62551,69,47.75
6989,Alst-1,UK,54.8,-2.4333,78.25,61
6990,Amel-1,NED,53.448,5.73,79,60.25
6992,Ang-0,BEL,50.3,5.3,68,54.25
6994,Ann-1,FRA,45.9,6.13028,79,80
6997,Appt-1,NED,51.8333,5.5833,81,56
7000,Aa-0,GER,50.9167,9.57073,78,54
7002,Baa-1,NED,51.3333,6.1,80.25,59
7003,Bs-1,SUI,47.5,7.5,71.75,51
7008,Benk-1,NED,52,5.675,95.5,95
7010,Be-0,GER,49.6803,8.6161,77,54.25
7013,Bd-0,GER,52.4584,13.287,63,38.75
7014,Ba-1,UK,56.5459,-4.79821,81.5,74
7025,Bl-1,ITA,44.5041,11.3396,71.5,52.66666667
7026,Boot-1,UK,54.4,-3.2667,69,45.5
7028,Bch-1,GER,49.5166,9.3166,57.5,40.25
7031,Bsch-0,GER,50.0167,8.6667,78.25,47.25
7033,Buckhorn Pass,USA,41.3599,-122.755,78.75,76
7036,Bu-0,GER,50.5,9.5,67.75,50.5
7058,Bur-0,IRL,54.1,-6.2,87.25,66
7061,Cal-0,UK,53.2699,-1.64293,87.25,64
7062,Ca-0,GER,50.2981,8.26607,62.25,38.25
7063,Can-0,ESP,29.2144,-13.4811,72.25,51
7064,Cnt-1,UK,51.3,1.1,68.33333333,66.66666667
7067,Ct-1,ITA,37.3,15,58.75,42.25
7068,Cerv-1,ITA,42,12.1,63.75,56
7071,Chat-1,FRA,48.0717,1.33867,64.25,45
7072,Chi-0,RUS,53.7502,34.7361,70.25,62
7075,Cit-0,FRA,43.3779,2.54038,96,NA
7077,Co-1,POR,40.12,-8.25,54.5,44.33333333
7081,Co,POR,40.2077,-8.42639,58.5,42.5
7092,Com-1,FRA,49.416,2.823,68,54.25
7094,Da-0,GER,49.8724,8.65081,67.25,43.25
7096,Di-G,FRA,47.3239,5.04278,65.5,40.25
7098,Di-1,FRA,47,5,58.5,45.5
7102,Do-0,GER,50.7224,8.2372,87.25,71
7103,Dra-0,CZE,49.4167,16.2667,62.25,36.75
7106,Dr-0,GER,51.051,13.7336,76.5,44.5
7107,Durh-1,UK,54.7761,-1.5733,67.25,50.75
7109,Ema-1,UK,51.3,0.5,60.75,45.75
7111,Edi-0,UK,55.9494,-3.16028,86,NA
7117,El-0,GER,51.5105,9.68253,58,36.5
7119,En-2,GER,50,8.5,65.5,41
7120,En-D,GER,50,8.5,62.5,42.75
7123,Ep-0,GER,50.1721,8.38912,70.75,41
7125,Er-0,GER,49.5955,11.0087,69.25,42.75
7126,Es-0,FIN,60.1997,24.5682,95.5,97.25
7127,Est,EST,58.6656,24.9871,59.75,45.5
7130,Et-0,FRA,44.6447,2.56481,91.66666667,78.25
7133,Fr-2,GER,50.1102,8.6822,76,46.25
7138,Fi-0,GER,50.5,8.0167,85.5,68.5
7143,Gel-1,NED,51.0167,5.86667,83,44.5
7147,Gie-0,GER,50.584,8.67825,74.5,52.66666667
7148,Gifu-2,JPN,35.45,137.42,73.75,66
7158,Gr-5,AUT,47,15.5,63.33333333,47.75
7160,Gre-0,USA,43.178,-85.2532,72.25,66.5
7161,Gd-1,GER,53.5,10.5,61.25,39.33333333
7162,Hs-0,GER,52.24,9.44,65,42.75
7163,Ha-0,GER,52.3721,9.73569,66.5,44
7164,Hau-0,DEN,55.675,12.5686,69.75,59.25
7165,Hn-0,GER,51.3472,8.28844,71.5,43.5
7166,Hey-1,NED,51.25,5.9,67.25,50.75
7167,,,NA,NA,57,34.25
7169,Hh-0,GER,54.4175,9.88682,82.5,78.25
7177,Jm-0,CZE,49,15,65.75,45.25
7181,Je-0,GER,50.927,11.587,96.75,97
7182,,,NA,NA,64,42.33333333
7186,Kn-0,LTU,54.8969,23.8924,75,49.75
7192,Kil-0,UK,55.6395,-5.66364,68.75,42
7199,Kl-5,GER,50.95,6.9666,66.5,37
7202,Kb-0,GER,50.1797,8.50861,63,40.75
7203,Krot-0,GER,49.631,11.5722,67.25,44.5
7206,Kro-0,GER,50.0742,8.96617,65,40.25
7207,Kyoto,JPN,35.0085,135.752,70.25,49.75
7208,Lan-0,UK,55.6739,-3.78181,73,46
7209,La-0,POL,52.7333,15.2333,63.5,45.25
7213,Ler-0,GER,47.984,10.8719,65.5,40
7217,Lm-2,FRA,48,0.5,56.5,38
7218,Le-0,NED,52.1611,4.49015,75,51.25
7223,Li-2:1,GER,50.3833,8.0666,75.75,54.75
7231,Li-7,GER,50.3833,8.0666,65.75,45.33333333
7236,Litva,LTU,NA,NA,73.5,47.5
7244,Mnz-0,GER,50.001,8.26664,68,46
7248,Mv-0,USA,41.3923,-70.6652,71.5,66.66666667
7250,Me-0,GER,51.9183,10.1138,58,37.75
7252,Mc-0,UK,54.6167,-2.3,112.6666667,96.66666667
7255,Mh-0,GER,50.95,7.5,62,47.33333333
7258,Nw-0,GER,50.5,8.5,71,43.5
7263,Nz-1,NZL,-37.7871,175.283,61.75,41.66666667
7268,Np-0,GER,52.6969,10.981,65.75,43.66666667
7273,No-0,GER,51.0581,13.2995,77,43.66666667
7276,Ob-0,GER,50.2,8.5833,73.75,49.25
7280,Old-1,GER,53.1667,8.2,80.75,46.5
7282,Or-0,GER,50.3827,8.01161,62.5,37.5
7287,Ove-0,GER,53.3422,8.42255,71,48.25
7288,Oy-0,NOR,60.385543,6.193019,82.5,70.25
7296,Petergof,RUS,59,29,84.25,62.5
7298,Pi-0,AUT,47.04,10.51,81.75,53.25
7305,Pt-0,GER,53.476,10.6065,79.25,51.5
7306,Pog-0,CAN,49.2655,-123.206,76.5,49.75
7307,Pn-0,FRA,48.0653,-2.96591,78.5,72.33333333
7308,Po-0,GER,50.7167,7.1,84.75,54.5
7314,Ragl-1,UK,54.3512,-3.41697,66,42.25
7316,Rhen-1,NED,51.9667,5.56667,81.25,89.25
7319,Rome-1,ITA,42,12.1,58.5,52.75
7320,Rou-0,FRA,49.4424,1.09849,80.75,74.5
7322,Rsch-4,RUS,56.3,34,76.5,51.75
7323,Rubezhnoe-1,UKR,49,38.28,75.75,64.25
7327,Sf-1,ESP,41.7833,3.03333,64.5,53.5
7328,Sf-2,ESP,41.7833,3.03333,56.25,51.33333333
7329,Santa Clara,USA,37.21,-121.16,66.75,42
7330,Sapporo-0,JPN,43.0553,141.346,85.25,49
7332,Seattle-0,USA,47,-122.2,64,43.5
7333,Sei-0,ITA,46.5438,11.5614,68.75,39.75
7337,Si-0,GER,50.8738,8.02341,74.5,47.5
7342,Su-0,UK,53.6473,-3.00733,83,65
7343,Sp-0,GER,52.5339,13.181,72,51.25
7344,Sg-1,GER,47.6667,9.5,73.5,47.66666667
7346,Sten-0,GER,52.6058,11.8558,78.25,58.66666667
7347,Stw-0,RUS,52,36,64.75,47
7349,Ta-0,CZE,49.5,14.5,81.25,52.75
7350,Tac-0,USA,47.2413,-122.459,80,52
7351,Ty-0,UK,56.4278,-5.23439,97.33333333,72.66666667
7353,Tha-1,NED,52.08,4.3,86,70.5
7354,Ting-1,SWE,56.5,14.9,100.25,108.3333333
7355,Tiv-1,ITA,41.96,12.8,80.75,80.75
7356,Tol-0,USA,41.6639,-83.5553,88,64.33333333
7372,Tscha-1,AUT,47.0748,9.9042,83,54.5
7373,Tsu-0,JPN,34.43,136.31,81.25,54.75
7375,,,NA,NA,75.75,54.25
7377,Tul-0,USA,43.2708,-85.2563,75.75,59.75
7378,Uk-1,GER,48.0333,7.7667,71.25,52
7382,Utrecht,NED,52.0918,5.1145,55.5,40
7383,Van-0,CAN,49.2655,-123.206,60.5,38
7384,Ven-1,NED,52.0333,5.55,76.25,65.75
7387,Vind-1,UK,54.9902,-2.3671,60.75,41.25
7394,Wa-1,POL,52.3,21,56.75,41.75
7396,Ws-0.2,RUS,52.3,30,61.5,51.5
7404,Wc-1,GER,52.6,10.0667,68.5,41.33333333
7411,Wl-0,GER,47.9299,10.8134,66,54
7413,Wil-2,LTU,54.6833,25.3167,69.25,48
7415,Wu-0,GER,49.7878,9.9361,72.25,45.25
7416,Yo-0,USA,37.45,-119.35,81.5,78.66666667
7417,Zu-0,SUI,47.3667,8.55,86.33333333,NA
7418,Zu-1,SUI,47.3667,8.55,63.5,46.25
7419,Db-1,GER,50.3058,8.32213,69,43.25
7424,Jl-3,CZE,49.2,16.6166,57.75,35.5
7427,Ko-2,DEN,NA,NA,101,91.5
7430,Nc-1,FRA,48.6167,6.25,72.5,42.25
7438,N13,RUS,61.36,34.15,77.75,65
7458,Ber,DEN,55.675,12.5687,79.5,52
7460,Da(1)-12,CZE,NA,NA,75,37
7461,H55,CZE,49,15,68,48.75
7471,RLD-1,UNK,NA,NA,56.25,34
7477,WAR,USA,41.7302,-71.2825,74,52.25
7514,RRS-7,USA,41.5609,-86.4251,80.25,57.33333333
7515,RRS-10,USA,41.5609,-86.4251,73.75,73.5
7516,V�r2-1,SWE,55.58,14.334,105,117
7517,V�r2-6,SWE,55.58,14.334,115,113.75
7518,�_M�_2-1,SWE,56.14,15.78,93.25,80.66666667
7519,�_M�_2-3,SWE,56.14,15.78,90.25,89.66666667
7520,Lp2-2,CZE,49.38,16.81,73.25,48.75
7521,Lp2-6,CZE,49.38,16.81,70.75,54
7522,Mr-0,ITA,44.15,9.65,93,79.25
7523,Pna-17,USA,42.0945,-86.3253,80,68.75
7524,Rmx-A02,USA,42.036,-86.511,61.25,40.75
7525,Rmx-A180,USA,42.036,-86.511,63,41.75
7526,Pna-10,USA,42.0945,-86.3253,75.5,71
7717,KNO1.37,USA,41.273,-86.625,82.75,76.25
7917,PNA3.10,USA,42.0945,-86.3253,82.25,68.75
7947,PNA3.40,USA,42.0945,-86.3253,82.25,81.5
8077,PT2.21,USA,41.3423,-86.7368,70,57.75
8132,RMX3.22,USA,42.036,-86.511,74,67.33333333
8213,Pro-0,ESP,43.25,-6,58.75,36
8214,Gy-0,FRA,49,2,65,54.5
8222,Lis-2,SWE,56.0328,14.775,100,93.25
8227,TH�_ 03,SWE,62.7989,17.9103,120,NA
8230,Algutsrum,SWE,56.68,16.5,110.3333333,103
8231,Br�_1-6,SWE,56.3,16,100.75,108.6666667
8233,Dem-4,USA,41.1876,-87.1923,75.5,69.25
8234,Gul1-2,SWE,56.4606,15.8127,102.6666667,92.75
8235,Hod,CZE,48.8,17.1,74.5,68.75
8236,HSm,CZE,49.33,15.76,74,64.66666667
8237,K�_vlinge-1,SWE,55.8,13.1,97.25,98.75
8238,Kent,UK,51.15,0.4,79.5,52.25
8239,PHW-3,GER,51,7,56,42.5
8240,Kulturen-1,SWE,55.705,13.196,94.5,83
8241,Liarum,SWE,55.9473,13.821,90.75,66.25
8242,Lill�_-1,SWE,56.1494,15.7884,116.75,132
8243,PHW-2,ITA,43.7703,11.2547,80,68.25
8244,PHW-34,FRA,48.6103,2.3086,90.5,58.5
8246,NC-6,USA,35,-79.18,70.5,76.5
8247,San-2,SWE,56.07,13.74,98,94.66666667
8249,Vimmerby,SWE,57.7,15.8,93.75,88
8256,B�1-2,SWE,56.4,12.9,73.25,45.25
8258,B�4-1,SWE,56.4,12.9,93,NA
8259,B�5-1,SWE,56.4,12.9,88,65.5
8264,Bla-1,ESP,41.6833,2.8,65.5,63.5
8266,Boo2-1,SWE,55.86,13.51,105,NA
8275,Cen-0,FRA,49,0.5,78.33333333,57
8283,Dra3-1,SWE,55.76,14.12,84.25,82.66666667
8284,DraII-1,CZE,49.4112,16.2815,83.25,76
8285,DraIII-1,CZE,49.4112,16.2815,66.5,51.66666667
8290,En-1,GER,50,8.5,63.25,44.25
8297,Ge-0,SUI,46.5,6.08,85.75,79
8306,Hov4-1,SWE,56.1,13.74,102.5,95
8307,Hovdala-6,SWE,56.1,13.74,79.25,64.25
8311,In-0,AUT,47.5,11.5,65.5,59.25
8312,Is-0,GER,50.5,7.5,65.75,52
8325,Lip-0,POL,50,19.3,77,64.33333333
8326,Lis-1,SWE,56.0328,14.775,86.75,58
8334,Lu-1,SWE,55.71,13.2,74.75,54
8335,Lund,SWE,55.71,13.2,100,92.25
8337,Mir-0,ITA,44,12.37,74,72.5
8343,Na-1,FRA,47.5,1.5,81.25,59.75
8351,Ost-0,SWE,60.25,18.37,103,97.5
8353,Pa-1,ITA,38.07,13.22,50.75,35.25
8354,Per-1,RUS,58,56.3167,82,58.75
8357,Pla-0,ESP,41.5,2.25,71.75,55.5
8365,Rak-2,CZE,49,16,74,39.5
8366,Rd-0,GER,50.5,8.5,78.33333333,62.75
8369,Rev-1,SWE,55.6942,13.4504,98,94.66666667
8376,Sanna-2,SWE,62.69,18,103,104
8378,Sap-0,CZE,49.49,14.24,66.25,50.33333333
8386,Sr:5,SWE,58.9,11.2,75,49
8387,St-0,SWE,59,18,74.25,48.33333333
8419,Wil-1,LTU,54.6833,25.3167,94.25,58.75
8420,Kelsterbach-4,GER,50.0667,8.5333,74.75,47.5
8422,Fj�_1-1,SWE,56.06,14.29,116.75,116.25
8423,Hov2-1,SWE,56.1,13.74,98.5,69.75
8424,Kas-2,IND,35,77,68.25,80
8426,Ull1-1,SWE,56.06,13.97,62.75,40.25
8428,Uod-2,AUT,48.3,14.45,66.75,41.5
8430,Lisse,NED,52.25,4.5667,90.5,78
8472,LP3413.41,USA,41.6862,-86.8513,63.5,40.5
8584,328ME059,USA,42.093,-86.359,89,74.75
9045,RMXF413.15,USA,42.039,-86.5154,88.75,78
9057,Vinsl�_v,SWE,56.1,13.9167,87.5,67.5
9058,V�_stervik,SWE,57.75,16.6333,113.25,123
9061,Dog-5,TUR,38.3011,42.2239,97.25,102.6666667
9063,Dog-7,TUR,38.3011,42.2239,97.75,98.75
9064,Dog-8,TUR,38.3011,42.2239,94.75,107.6666667
9066,Xan-2,AZE,38.6536,48.7992,95.25,101
9067,Xan-3,AZE,38.6536,48.7992,101.75,130
9069,Xan-5,AZE,38.6536,48.7992,82.75,90.75
9070,Xan-6,AZE,38.6536,48.7992,80,88.5
9073,Lerik1-2,AZE,38.7406,48.6131,93.25,101.5
9075,Lerik1-4,AZE,38.7406,48.6131,93.25,98.25
9078,Lerik1-7,AZE,38.7406,48.6131,100.25,104.25
9079,Lerik2-1,AZE,38.7833,48.5517,101,102
9081,Lerik2-3,AZE,38.7833,48.5517,91.25,99.66666667
9082,Lerik2-4,AZE,38.7833,48.5517,91.25,100.3333333
9084,Lerik2-6,AZE,38.7833,48.5517,103.75,114.25
9085,Lerik2-7,AZE,38.7833,48.5517,103,101
9089,Nar-3,AZE,38.9522,48.925,88.66666667,125.5
9090,Nar-4,AZE,38.9522,48.925,89.5,122
9091,Nar-5,AZE,38.9522,48.925,99.75,97.5
9094,Istisu-4,AZE,38.9786,48.5594,93.5,91
9095,Istisu-5,AZE,38.9786,48.5594,104,113.3333333
9096,Istisu-6,AZE,38.9786,48.5594,105,121.3333333
9098,Istisu-8,AZE,38.9786,48.5594,99.75,99.5
9099,Istisu-9,AZE,38.9786,48.5594,100.25,112.6666667
9100,Lag1-2,GEO,41.8296,46.2831,77.5,74
9102,Lag1-4,GEO,41.8296,46.2831,83.75,80.75
9103,Lag1-5,GEO,41.8296,46.2831,83.25,82.75
9104,Lag1-6,GEO,41.8296,46.2831,60.75,60
9105,Lag1-7,GEO,41.8296,46.2831,77.25,78.75
9106,Lag1-8,GEO,41.8296,46.2831,87.25,87.5
9111,Lag2-4,GEO,41.8296,46.2831,100.5,89.25
9113,Lag2-6,GEO,41.8296,46.2831,76,70.25
9114,Lag2-7,GEO,41.8296,46.2831,99.75,100.5
9115,Lag2-10,GEO,41.8296,46.2831,91.25,71.75
9119,Bak-3,GEO,41.7942,43.4767,97.5,110
9120,Bak-4,GEO,41.7942,43.4767,105.5,125
9121,Bak-5,GEO,41.7942,43.4767,105.25,102
9124,Bak-9,GEO,41.7942,43.4767,104.5,118.25
9125,Geg-14,ARM,40.1408,44.8203,74,69.25
9128,Yeg-2,ARM,39.8692,45.3622,69.5,61
9130,Yeg-4,ARM,39.8692,45.3622,72.75,63.25
9131,Yeg-5,ARM,39.8692,45.3622,72.5,63.5
9133,Yeg-7,ARM,39.8692,45.3622,73.25,68
9134,Yeg-8,ARM,39.8692,45.3622,79.75,64.5
9298,Edi-1,UK,55.9681,-3.21833,60,45.5
9312,Ullapool-8,UK,57.9,-5.1525,75.25,57.5
9314,Gol-2,UK,57.9672,-3.96722,74.25,60
9321,�dal 1,SWE,62.8622,18.336,106.75,140
9323,�dal 3,SWE,62.8622,18.336,97,80.75
9330,Bag 1,SWE,56.9591,16.4052,90.5,NA
9332,Bar 1,SWE,62.8698,18.381,114.25,129
9336,B�_n 1,SWE,62.8794,18.4473,84,66.75
9339,B�_t 1,SWE,57.7133,15.0689,104.5,116.5
9343,Dju-1,SWE,57.3089,18.1512,94.5,88
9352,D�_d 2,SWE,57.2608,16.3675,127.75,134.3333333
9353,D�_d 3,SWE,57.2608,16.3675,126,134
9356,Eden 17,SWE,62.8762,18.1746,100.5,118
9363,EdJ 2,SWE,62.9147,18.4045,134,NA
9369,EkS 2,SWE,57.6781,14.9986,81.75,71.25
9371,F�_L 1,SWE,63.016,18.3175,129.25,145
9380,FlyA 3,SWE,55.7488,13.3742,101,98.25
9381,Fri 1,SWE,55.8106,14.2091,98.25,NA
9382,Fri 2,SWE,55.8106,14.2091,99,110.6666667
9383,Fri 3,SWE,55.8106,14.2091,99.33333333,103
9386,Gr�_n 12,SWE,62.806,18.1896,115.5,107.75
9388,Gr�_n 14,SWE,62.806,18.1896,127.25,137
9390,Hadd-1,SWE,57.3263,15.8979,79.75,55
9391,Hadd-2,SWE,57.3263,15.8979,85,64.5
9392,Hadd-3,SWE,57.3263,15.8979,87.25,59
9394,Hag-2,SWE,56.5804,16.4063,110.6666667,110.5
9395,Hal-1,SWE,57.5089,15.0105,104.5,118.25
9399,Hamm-1,SWE,55.4234,13.9905,97,91
9402,Hel-3,SWE,57.8765,14.8549,92.25,78.75
9404,HolA-1 1,SWE,55.7491,13.399,95,78.75
9405,HolA-1 2,SWE,55.7491,13.399,103.5,95.5
9407,HolA-2 2,SWE,55.7491,13.399,91.75,75
9408,Kal 1,SWE,56.047,13.9519,108.25,124
9409,Kia 1,SWE,56.0573,14.302,108.25,119.25
9412,Kor 3,SWE,57.2746,16.1494,87.25,64
9413,Kor 4,SWE,57.2746,16.1494,86,75
9416,Kru-3,SWE,57.7215,18.3837,135.5,129
9421,Lan 1,SWE,55.9745,14.3997,107,103
9427,N�_s 2,SWE,62.8815,18.4055,96.75,119.5
9433,Nyl 13,SWE,62.9513,18.2763,138,137
9434,�_de 2,SWE,62.8959,18.3659,110.25,102.25
9436,Puk-1,SWE,56.1633,14.6806,89,77.5
9437,Puk-2,SWE,56.1633,14.6806,91.75,90
9442,Sim-1,SWE,55.5678,14.3398,104.75,113.25
9450,Spro 1,SWE,57.2545,18.2109,88,78.5
9451,Spro 2,SWE,57.2545,18.2109,107.5,113.6666667
9452,Spro 3,SWE,57.2545,18.2109,101.5,103
9453,Stenk-2,SWE,57.8009,18.5162,106.5,129.5
9454,Stenk-3,SWE,57.8009,18.5162,101.25,138
9455,Stenk-4,SWE,57.8009,18.5162,93.25,102.75
9470,Tur-4,SWE,57.6511,14.8043,102.6666667,90.5
9476,V�rA 1,SWE,55.5796,14.3336,120.25,126.3333333
9481,Yst-1,SWE,55.4242,13.8484,110.5,121
9503,11C1,UK,55.8877,-3.21072,64,53.5
9506,IP-Alo-0,POR,40.11,-7.47,77.75,69
9507,IP-Coa-0,POR,38.45,-7.5,55,46.66666667
9508,IP-Mos-1,POR,40.04,-7.11,62,60.66666667
9509,IP-Reg-0,POR,39.29,-7.4,64.5,59
9510,IP-Rei-0,POR,38.75,-7.59,59.25,55.75
9511,IP-Vav-0,POR,38.53,-8.02,64.25,55
9512,IP-Vid-1,POR,38.22,-7.84,51.25,40.25
9513,IP-Adc-5,ESP,38.77,-4.07,71.75,63.33333333
9514,IP-Adm-0,ESP,39.15,-4.54,72.5,83.33333333
9515,IP-Ala-0,ESP,39.72,-6.89,56.25,51.25
9516,IP-Ali-1,ESP,39.9,-5.09,67.75,58.66666667
9517,IP-All-0,ESP,42.19,-7.8,64,35.75
9518,IP-Alm-0,ESP,39.88,-0.36,92,87.5
9519,IP-Ang-0,ESP,41.94,2.64,77.25,64.5
9520,IP-Ara-4,ESP,41.7,-3.68,113.5,120.5
9521,IP-Bar-1,ESP,41.43,2.13,69.75,68
9522,IP-Bea-0,ESP,36.52,-5.27,59,60.33333333
9523,IP-Ben-0,ESP,38.37,-2.66,86.75,84.66666667
9524,IP-Ber-0,ESP,42.52,-0.56,97.25,99.66666667
9525,IP-Bis-0,ESP,42.49,0.54,91.75,81.25
9526,IP-Cab-3,ESP,41.54,2.39,65,56.33333333
9527,IP-Cad-0,ESP,40.37,-5.74,86.25,76.5
9528,IP-Cal-0,ESP,40.94,-1.37,105.3333333,89.5
9529,IP-Cap-1,ESP,36.97,-3.36,65,63
9530,IP-Car-1,ESP,38.25,-4.32,90.5,123
9531,IP-Cdc-3,ESP,41.21,-4.54,91,92
9532,IP-Cdo-0,ESP,42.23,-4.64,106,108.6666667
9533,IP-Cem-0,ESP,41.15,-4.32,89,79
9534,IP-Cmo-3,ESP,40.05,-4.65,69.75,65.66666667
9535,IP-Coc-1,ESP,42.31,3.19,93.5,89
9536,IP-Cor-0,ESP,40.83,-2,99,103
9537,IP-Cum-1,ESP,38.07,-6.66,64.25,56
9538,IP-Cur-4,ESP,43.12,-8.09,82.5,98
9539,IP-Deh-1,ESP,40.29,-6.67,78.5,91.25
9540,IP-Elb-0,ESP,41.81,2.34,75.25,88.25
9541,IP-Fue-2,ESP,38.26,-5.42,68.5,61.5
9542,IP-Fun-0,ESP,40.79,-4.05,90,107.25
9543,IP-Gra-0,ESP,36.77,-5.39,94.33333333,89.66666667
9544,IP-Gua-1,ESP,39.4,-5.33,57.25,53.5
9545,IP-Her-12,ESP,39.4,-5.78,83.5,101
9546,IP-Hom-4,ESP,40.82,-1.68,148.5,NA
9547,IP-Hor-0,ESP,41.67,2.62,79.25,70
9548,IP-Hoy-0,ESP,40.4,-5,128,NA
9549,IP-Hum-2,ESP,42.23,-3.69,91,106.6666667
9550,IP-Iso-4,ESP,43.05,-5.37,130.25,132
9551,IP-Jim-1,ESP,42.28,-5.92,102,123
9552,IP-Lab-7,ESP,40.87,-4.5,128.75,NA
9553,IP-Ldd-0,ESP,41.58,-4.71,100.75,106
9554,IP-Lso-0,ESP,38.86,-3.16,94,104.25
9555,IP-Mar-1,ESP,39.58,-3.93,93.5,100
9556,IP-Men-2,ESP,39.66,-4.34,76.25,65
9557,IP-Moa-0,ESP,42.46,0.7,107.25,112
9558,IP-Moc-11,ESP,41.57,-5.64,96.5,114.6666667
9559,IP-Mon-5,ESP,38.06,-4.38,56.75,66.5
9560,IP-Mot-0,ESP,38.19,-6.24,69.25,53.75
9561,IP-Mun-0,ESP,40.71,-5.04,101,92
9562,IP-Mur-0,ESP,41.67,2,93.25,83.5
9563,IP-Nav-0,ESP,40.42,-4.65,80.25,73.33333333
9564,IP-Nog-17,ESP,40.45,-1.6,122.25,NA
9565,IP-Orb-10,ESP,42.97,-1.23,74.5,72.33333333
9566,IP-Oso-0,ESP,42.44,-4.36,104,134
9567,IP-Pal-0,ESP,42.34,1.3,113,103.5
9568,IP-Pan-0,ESP,42.76,-0.23,103.75,109.5
9569,IP-Pds-1,ESP,42.87,-6.45,99,96.5
9570,IP-Pob-0,ESP,41.35,1.03,105,104.6666667
9571,IP-Pro-0,ESP,43.28,-6.01,56.5,35.25
9572,IP-Pue-0,ESP,42.75,-3.05,111.25,92.5
9573,IP-Rds-0,ESP,41.86,2.99,70.25,60
9574,IP-Rel-0,ESP,38.6,-2.7,112,NA
9575,IP-Ren-6,ESP,42.77,-4.21,118.5,136
9576,IP-Rev-0,ESP,40.86,-4.11,106,106.5
9577,IP-Ria-0,ESP,42.34,2.17,99.5,123.5
9578,IP-Sac-0,ESP,42.13,-6.7,75.25,59.25
9579,IP-San-10,ESP,38.33,-3.51,77,79.25
9580,IP-Scm-0,ESP,38.68,-3.57,78.25,71
9581,IP-Sdv-3,ESP,42.84,-5.12,111,118.5
9582,IP-Ses-0,ESP,41.48,-1.63,95.75,93.75
9583,IP-Sne-0,ESP,37.09,-3.38,96.75,89.5
9584,IP-Stp-0,ESP,41.19,-3.58,88.5,85.5
9585,IP-Svi-0,ESP,43.4,-7.39,52.25,32
9586,IP-Tam-0,ESP,41.03,-3.27,97.5,NA
9587,IP-Tdc-0,ESP,41.5,-1.88,101,101.75
9588,IP-Tol-7,ESP,42.11,0.6,85,79.33333333
9589,IP-Tor-1,ESP,41.6,-2.83,85.75,77.33333333
9590,IP-Trs-0,ESP,43.37,-5.49,51.25,50.5
9591,IP-Vad-0,ESP,42.86,-3.59,67,46
9592,IP-Vae-2,ESP,42.1,-5.44,95,100
9593,IP-Vaz-0,ESP,42.26,-2.99,109.5,109
9594,IP-Vdm-0,ESP,42.04,1.01,95,110.6666667
9595,IP-Vdt-0,ESP,40.89,-5.5,80.5,66.75
9596,IP-Ver-5,ESP,41.95,-7.45,73,61
9597,IP-Vig-1,ESP,42.31,-2.53,69.75,60.66666667
9598,IP-Vim-0,ESP,41.88,-6.51,87,91
9599,IP-Vin-0,ESP,42.8,-5.77,84.75,90.25
9600,IP-Vis-0,ESP,39.85,-6.04,89.5,73
9601,IP-Voz-0,ESP,41.85,-1.88,97,77
9602,IP-Vpa-1,ESP,40.5,-3.96,77.25,75.33333333
9603,IP-Vpe-3,ESP,42.83,-4.72,96,98
9604,IP-Yan-1,ESP,42.1,-2.35,109.25,134.6666667
9605,IP-Zar-0,ESP,40.55,-4.19,104,115.5
9606,Aitba-1,MAR,31.48,-7.45,63,41
9607,Panik-1,RUS,53.05,52.15,88.75,107.6666667
9608,Karag-2,RUS,51.37,59.44,58,45.25
9609,Adam-1,RUS,51.41,59.98,74.5,51
9610,Lesno-4,RUS,53.04,51.96,82.25,69.5
9611,Lesno-1,RUS,53.04,51.9,73.5,68
9612,Lesno-2,RUS,53.04,51.94,86.5,71.5
9613,Balan-1,RUS,55.36,61.41,81.75,71.66666667
9614,Kurga-3,RUS,55.53,65.33,85.5,86.75
9615,Parti-1,RUS,52.99,52.16,85.75,86
9616,Krazo-1,RUS,53.06,51.96,93.5,110.75
9617,Karag-1,RUS,51.37,59.44,70.75,66
9618,Kurga-2,RUS,55.61,65.08,89.25,85.5
9619,Basta-1,RUS,51.84,79.48,77.33333333,83
9620,Basta-2,RUS,51.82,79.48,89.75,74.33333333
9621,Basta-3,RUS,51.84,79.46,92,90.5
9622,Bijisk-4,RUS,52.52,85.27,92,81.66666667
9623,Chaba-1,RUS,53.6,79.39,78.25,72
9624,Chaba-2,RUS,53.6,79.37,79.5,74.33333333
9625,Kolyv-2,RUS,51.31,82.59,91.75,101.5
9626,Kolyv-3,RUS,51.36,82.59,77.33333333,70.25
9627,Kolyv-5,RUS,51.32,82.55,90.5,88.25
9628,Kolyv-6,RUS,51.33,82.54,78.5,69.25
9629,K-oze-1,RUS,51.35,82.18,98,74.66666667
9630,K-oze-3,RUS,51.34,82.16,84.75,79.5
9631,Lebja-1,RUS,51.65,80.79,98.5,140
9632,Lebja-2,RUS,51.67,80.82,92,90.33333333
9633,Lebja-4,RUS,51.63,80.83,88.25,77
9634,Masl-1,RUS,54.13,81.31,91,98
9635,Nosov-1,RUS,51.87,80.6,93.25,84.66666667
9636,Noveg-1,RUS,51.75,80.82,109.75,141
9637,Noveg-2,RUS,51.77,80.85,81.25,82.5
9638,Noveg-3,RUS,51.73,80.86,88.25,87.66666667
9639,Panke-1,RUS,53.82,80.31,78,73.25
9640,Rakit-1,RUS,51.87,80.06,92.75,80.75
9641,Rakit-2,RUS,51.9,80.06,82.66666667,87.66666667
9642,Rakit-3,RUS,51.84,80.06,95.5,86
9643,Sever-1,RUS,52.1,79.31,85,79
9644,Zupan-1,CRO,45.07,18.72,76.75,69
9645,Gradi-1,CRO,45.17,18.7,77.5,66.25
9646,Aiell-1,,NA,NA,62.5,55.25
9647,Basen-1,ITA,40.37,16.77,67.75,55
9648,Bisig-1,ITA,39.48,16.28,60,61
9649,Bivio-1,ITA,39.13,16.17,76.25,67.25
9650,Corig-1,ITA,39.6,16.51,83.25,95
9651,Filet-1,ITA,40.68,14.87,64,49.66666667
9652,Fondi-1,ITA,41.36,13.4,64.25,62.5
9653,Giffo-1,ITA,38.44,16.13,59.5,52.5
9654,Liri-1,ITA,41.41,13.77,62.25,59
9655,Marce-1,ITA,38.92,16.47,79,71.66666667
9656,Marti-1,ITA,40.64,17.31,78.25,89
9657,Melic-1,ITA,38.45,16.04,58.5,48
9658,Nicas-1,ITA,38.97,16.34,71.33333333,66.5
9659,Pigna-1,ITA,41.18,14.18,71.25,66.66666667
9660,Sarno-1,ITA,40.84,14.57,53.25,40
9661,Cimin-1,ITA,39.58,16.21,55.25,42
9662,Stilo-1,ITA,38.47,16.47,80,70.33333333
9663,Teano-1,ITA,41.33,14.09,69.75,69.33333333
9664,Mitterberg-1-179,ITA,46.36,11.28,85.5,109.6666667
9665,Mitterberg-1-180,ITA,46.36,11.28,85.5,86.66666667
9666,Mitterberg-1-182,ITA,46.36,11.28,86.5,112
9667,Mitterberg-1-183,ITA,46.36,11.28,89,107
9668,Mitterberg-2-184,ITA,46.37,11.28,82.5,79.5
9669,Mitterberg-2-185,ITA,46.37,11.28,81,86
9670,Mitterberg-2-186,ITA,46.37,11.28,105.5,112.5
9671,Mitterberg-3-187,ITA,46.37,11.28,90.5,95
9672,Mitterberg-3-188,ITA,46.37,11.28,85.33333333,90.5
9673,Mitterberg-3-189,ITA,46.37,11.28,87.5,99.66666667
9674,Mitterberg-4-190,ITA,46.37,11.29,86.75,85
9675,Mitterberg-4-191,ITA,46.37,11.29,78,117
9676,Mitterberg-4-192,ITA,46.37,11.29,87.75,89
9677,Mitterberg-4-193,ITA,46.37,11.29,81.75,110.5
9678,Mitterberg-4-194,ITA,46.37,11.29,69,87
9679,Castelfed-1-195,ITA,46.34,11.29,69.25,79.75
9680,Castelfed-1-196,ITA,46.34,11.29,62.75,59.33333333
9681,Castelfed-1-197,ITA,46.34,11.29,66.25,92.25
9682,Castelfed-1-198,ITA,46.34,11.29,77.75,74.75
9683,Castelfed-1-199,ITA,46.34,11.29,64,71.75
9684,Castelfed-2-200,ITA,46.34,11.29,84,89.5
9685,Castelfed-2-201,ITA,46.34,11.29,84.75,89.75
9686,Castelfed-2-202,ITA,46.34,11.29,84.33333333,88
9687,Castelfed-2-203,ITA,46.34,11.29,88.5,83.33333333
9688,Castelfed-2-204,ITA,46.34,11.29,69,74
9689,Castelfed-3-205,ITA,46.34,11.29,67.75,83
9690,Castelfed-3-206,ITA,46.34,11.29,75.5,81.66666667
9691,Castelfed-3-207,ITA,46.34,11.29,74,72.75
9692,Castelfed-3-208,ITA,46.34,11.29,72,70.75
9693,Castelfed-3-209,ITA,46.34,11.29,68.5,75
9694,Castelfed-4-210,ITA,46.34,11.29,76.5,74.25
9695,Castelfed-4-211,ITA,46.34,11.29,103.5,84.5
9696,Castelfed-4-214,ITA,46.34,11.29,77.5,76.75
9697,Dolen-1,BUL,41.62,23.94,77.5,63
9698,Goced-1,BUL,41.57,23.85,81,74.5
9699,Kolar-1,BUL,41.37,23.14,74.25,63.66666667
9700,Dolna-1-10,BUL,42.32,23.1,80,81
9701,Ivano-1,BUL,43.7,25.91,85.5,82
9702,Kolar-2,BUL,41.38,23.14,81,72.25
9703,Melni-1,BUL,41.53,23.39,76.5,69.75
9704,Melni-2,BUL,41.53,23.39,75.5,70.33333333
9705,Choto-1,BUL,41.5,23.33,71.33333333,67
9706,Dospa-1,BUL,41.64,24.18,95.25,78.66666667
9707,Podvi-1,BUL,41.57,24.84,80.5,72.75
9708,Kardz-1,BUL,41.62,25.35,89,85
9709,Zerev-1-34,BUL,41.85,23.13,82,73.5
9710,Zerev-1-35,BUL,41.85,23.13,80.5,83.25
9711,Dolna-1-39,BUL,42.32,23.1,75,82.5
9712,Dolna-1-40,BUL,42.32,23.1,77,78
9713,Stara-1,BUL,42.49,25.61,75.25,68.33333333
9714,Grivo-1,BUL,41.84,25.75,80.75,82.33333333
9715,Krepo-1,BUL,41.99,25.57,76.75,81
9716,Leska-1-44,BUL,41.54,24.98,102.6666667,122
9717,Kardz-2,BUL,41.66,25.47,90.25,93.33333333
9718,Smolj-1,BUL,41.55,24.75,78.75,79
9719,Koren-1,BUL,41.83,25.69,72.5,57.75
9720,Malak-1,BUL,41.77,25.68,100.75,104
9721,Schip-1,BUL,42.72,25.33,77.5,78
9722,Groch-1,BUL,41.71,24.41,99.5,108
9723,Slavi-2,BUL,41.42,23.67,76,68.5
9724,Leska-1-78,BUL,41.54,24.98,73.5,81.5
9725,Epidauros-1,GRC,37.6,23.08,61.25,56.5
9726,Faneronemi-3,GRC,37.07,22.04,67,56.5
9727,Olympia-2,GRC,37.63,21.62,61.25,43.5
9728,Stiav-1,SVK,48.46,18.9,77.5,77.75
9729,Stiav-2,SVK,48.46,18.9,96.75,79
9730,Bela-1,SVK,48.47,18.94,89,97
9731,Stiav-3,SVK,48.46,18.9,92.5,66
9732,Halca-1,SVK,48.47,18.96,82,88.25
9733,Bela-2,SVK,48.47,18.94,80,83.75
9734,Bela-3,SVK,48.47,18.94,84.25,82.25
9735,Bela-4,SVK,48.47,18.94,85.5,74
9736,Teiu-2,ROU,44.69,25.17,78,81
9737,Ulies-1,ROU,45.95,22.62,85.75,63.66666667
9738,Bran-1,ROU,45.57,25.42,79,73.75
9739,Toc-1,ROU,46.01,22.33,86,68.5
9740,Mandr-1,ROU,46.16,21.43,89.75,87.5
9741,Orast-1,ROU,45.84,23.16,88,71.5
9742,Teiu-1,ROU,44.68,25.17,78,81.5
9743,Furni-1,ROU,45.14,25,79.5,75
9744,Iasi-1,ROU,47.16,27.59,78.75,63.33333333
9745,Sij 1/96,UZB,41.45,70.05,79.5,76
9746,Malii-1,SRB,43.71,22.3,95.75,99.75
9747,Zabar-1,SRB,44.38,21.22,86,94.66666667
9748,Zagub-1,SRB,44.23,21.71,81,86.25
9749,Knjas-1,SRB,43.54,22.29,74.75,63.75
9750,Sukov-1,SRB,43,22.65,69,73
9751,Ruma-1-25,SRB,44.91,19.99,90.5,84
9752,Brest-1,SRB,44,22.07,91.75,100.25
9753,Ruma-1-27,SRB,44.91,19.99,101.25,105.25
9754,Sredn-1,SRB,44.66,21.37,79.25,NA
9755,Vajug-1,SRB,44.56,22.56,88.75,82
9756,Staro-2,SRB,44.3,21.08,88.75,73
9757,Staro-1,SRB,44.3,21.08,93.75,93
9758,Altai-5,CHN,47.75,88.4,71.25,73
9759,Anz-0,IRN,37.47,49.47,61.5,58.5
9760,Baz-0,FRA,48.81,1.66,55.75,38.25
9761,Bik-1,LBN,33.92,35.7,65.25,58
9762,Etna-2,ITA,37.69,14.98,95.5,72.75
9764,Qar-8a,LBN,34.1,35.84,69.75,62.75
9766,Westkar-4,KGZ,42.26,74.16,57.75,39.5
9767,Had-1b,LBN,34.25,35.92,70,59.5
9768,Ru4-16,GER,48.57,9.16,74.5,54.66666667
9769,HE-1,GER,48.55,8.99,66.5,44.66666667
9770,KBG2-13,GER,48.53,9.01,67,44.75
9771,Pfn-N2.2-6,GER,48.56,9.11,62.5,44.25
9772,Hof-1,GER,48.41,8.85,67,40.75
9773,Obn-1,GER,48.52,8.92,74.75,51.75
9774,Alt-1,GER,48.59,9.22,68,43
9775,Berg-1,GER,48.41,8.79,60,44.25
9776,Fell3-7,GER,48.43,8.79,65.25,57.5
9777,Gn-1,GER,48.57,9.17,66.5,43.5
9778,Bach-7,GER,48.41,8.84,71.5,49.25
9779,Bai-10,GER,48.5,8.78,63.25,44.66666667
9780,Fell2-4,GER,48.43,8.79,72.25,45.75
9781,Kus2-2,GER,48.52,9.11,60,41.66666667
9782,Lu3-30,GER,48.53,9.09,63.25,44.5
9783,Tu-PK-7,GER,48.52,9.05,76.5,66.33333333
9784,Erg2-6,GER,48.5,8.8,60.25,43.5
9785,Ha-HBT1-2,GER,48.54,9.02,63.25,45.25
9786,Ha-P-13,GER,48.54,9.01,64.75,40.25
9787,HI-4,GER,48.5,9,70.5,49.33333333
9788,KBG1-14,GER,48.53,9.01,62.5,38.33333333
9789,Obh-13,GER,48.39,8.96,65,42.25
9790,Gn2-3,GER,48.58,9.18,66.75,41.75
9791,Haes-1,GER,48.6,9.2,65.33333333,38.33333333
9792,Lu4-2,GER,48.54,9.09,62.75,42.75
9793,Ru-N2,GER,48.57,9.16,62,63.33333333
9794,Tu-B1-2,GER,48.52,9.08,69.25,44.5
9795,Wank-2,GER,48.5,9.11,57.75,38.25
9796,Bach2-1,GER,48.41,8.84,73.5,46
9797,Ha-HBT2-10,GER,48.54,9.02,69,46.5
9798,Ha-P2-1,GER,48.54,9.01,65.25,44.66666667
9799,Hart-2,GER,48.39,8.85,66.25,50.5
9800,Ha-S-B,GER,48.54,9.01,68.5,42.5
9801,Ha-SP-2,GER,48.54,9.01,62,36.33333333
9802,Kus3-1,GER,48.51,9.11,69.75,42.75
9803,Muh-2,GER,48.42,8.76,63,41.25
9804,Obe1-15,GER,48.45,8.87,65.75,45.75
9805,Pfn-10,GER,48.54,9.09,70.5,53
9806,Ru-2,GER,48.56,9.16,67,43
9807,Schl-7,GER,48.6,9.22,67.5,43
9808,Tu-B2-3,GER,48.52,9.08,75.25,53
9809,Tu-KB-6,GER,48.52,9.05,74.75,51.25
9810,Tu-KS-7,GER,48.53,9.07,69.25,42.25
9811,Tu-NK-12,GER,48.52,9.05,69.75,45
9812,Tu-W1,GER,48.52,9.03,67.75,45.75
9813,BI-4,GER,48.4,8.77,65.75,45.5
9814,Fell1-10,GER,48.42,8.79,71.5,48.33333333
9815,Ha-HBT3-11,GER,48.54,9.02,72.5,48
9816,Tu-WH,GER,48.55,9.06,63,39
9817,IP-Ace-0,ESP,39.84,-6.6,64.25,63.75
9818,IP-Aln-30,ESP,41.14,-0.25,79.5,70.75
9819,IP-Amu-0,ESP,42.35,-3.03,98,98.5
9820,IP-Are-0,ESP,41,-4.71,61.75,55.75
9821,IP-Aru-0,ESP,41.81,2.49,79.5,72.25
9822,IP-Aul-0,ESP,40.52,-4.02,82,62.33333333
9823,IP-Bae-0,ESP,43.34,-5.84,63,42
9824,IP-Bes-5,ESP,42.91,-4.91,115.5,143
9825,IP-Boa-0,ESP,40.4,-3.88,68.5,63.5
9826,IP-Bor-0,ESP,42.49,-6.71,77,73
9827,IP-Bos-0,ESP,42.78,0.69,69.25,60
9828,IP-Bra-0,ESP,42.5,-6.15,82.25,78.75
9829,IP-Bur-0,ESP,40.43,-4.75,83.25,83
9830,IP-Bus-0,ESP,36.97,-3.28,61.5,51.25
9831,IP-Cas-0,ESP,38.54,-3.39,86.25,88.25
9832,IP-Cat-0,ESP,40.54,-3.69,97,90.33333333
9833,IP-Cha-0,ESP,40.38,-4.21,75.75,65.66666667
9834,IP-Cho-0,ESP,40.51,-3.9,75,63.75
9835,IP-Cir-0,ESP,40.61,-6.57,81.75,69.75
9836,IP-Cod-0,ESP,41.25,-1.32,109.5,128.5
9837,IP-Con-0,ESP,37.94,-5.6,76.33333333,64.25
9838,IP-Cot-0,ESP,41.83,-5.38,73.5,67
9839,IP-Coy-0,ESP,40.44,-4.27,102.75,115
9840,IP-Dar-0,ESP,41.13,-1.43,100.5,120.5
9841,IP-Ees-0,ESP,40.59,-4.15,77.75,68
9842,IP-Ele-0,ESP,39.31,-3.89,90.75,77
9843,IP-Elp-0,ESP,40.53,-3.92,62.75,58.66666667
9844,IP-Esn-2,ESP,42.27,0.19,89.25,84.25
9845,IP-Evs-0,ESP,40.48,-3.96,77.5,65
9846,IP-Ezc-2,ESP,42.31,-3.02,116,119.6666667
9847,IP-Fel-2,ESP,43.31,-5.7,60,45
9848,IP-Glo-1,ESP,40.11,-5.77,85.75,98
9849,IP-Gud-3,ESP,40.65,-4.11,99,99.66666667
9850,IP-Hec-0,ESP,42.86,-0.7,95.5,83
9851,IP-Hue-3,ESP,42.96,-6.1,119.5,144
9852,IP-Ini-0,ESP,40.46,-3.75,76.25,67.33333333
9853,IP-Lac-0,ESP,43.33,-5.91,56.75,35.5
9854,IP-Laf-1,ESP,43.36,-5.88,58.75,40.66666667
9855,IP-Lam-0,ESP,40.57,-3.89,73,61.66666667
9856,IP-Lch-0,ESP,40.51,-4,75.25,63.5
9857,IP-Leg-0,ESP,40.33,-3.8,65.75,66.5
9858,IP-Loz-0,ESP,40.98,-3.8,120.75,123.5
9859,IP-Lro-0,ESP,40.5,-3.88,76.25,83
9860,IP-Lum-0,ESP,42.24,-2.62,80.75,64.33333333
9861,IP-Mac-0,ESP,40.72,-3.21,107.5,114.5
9862,IP-Mad-0,ESP,40.45,-3.67,67.5,53.75
9863,IP-Man-0,ESP,43.33,-5.87,58.5,39.25
9864,IP-Mat-0,ESP,41.76,2.69,63.25,57.25
9865,IP-Mdc-0,ESP,38.88,-3.53,93,41.5
9866,IP-Mdd-0,ESP,41.89,-2.79,104.75,118
9867,IP-Mie-1,ESP,40.94,-3.22,101.75,101.6666667
9868,IP-Moe-0,ESP,41.78,2.37,70.25,68.66666667
9869,IP-Moj-0,ESP,36.76,-5.28,86.25,80.75
9870,IP-Moz-0,ESP,41.91,0.17,100.5,111
9871,IP-Nac-0,ESP,40.75,-3.99,105,117.6666667
9872,IP-Nag-0,ESP,40.49,-4.11,105.5,106
9873,IP-Ndc-0,ESP,37.94,-5.45,66.75,55.66666667
9874,IP-Oja-0,ESP,42.34,-3,68.75,56.25
9875,IP-Ovi-1,ESP,43.38,-5.87,63.75,44.75
9876,IP-Pad-0,ESP,41.34,0.99,87.25,74.75
9877,IP-Pdl-0,ESP,43.02,-5.6,124.75,NA
9878,IP-Pee-0,ESP,40.78,-3.62,113.25,116
9879,IP-Per-0,ESP,37.6,-1.12,68.5,59.5
9880,IP-Pib-1,ESP,42.72,-3.44,91.5,87.5
9881,IP-Pie-0,ESP,40.46,-5.32,82,78.5
9882,IP-Pil-0,ESP,40.46,-4.26,78.5,70.33333333
9883,IP-Piq-0,ESP,42.1,-2.56,60,41.75
9884,IP-Pos-1,ESP,42.25,-3.04,97,91
9885,IP-Prd-0,ESP,41.14,-3.68,116.25,119
9886,IP-Pru-0,ESP,42.38,1.73,85.75,57
9887,IP-Pun-0,ESP,40.4,-4.77,89.33333333,90.75
9888,IP-Pva-1,ESP,40.93,-3.31,86.25,96.66666667
9889,IP-Ras-0,ESP,40.86,-3.87,153.5,NA
9890,IP-Rib-1,ESP,43.16,-5.07,96,94.33333333
9891,IP-Sal-0,ESP,41.93,2.92,83,NA
9892,IP-Sam-0,ESP,42.68,-6.96,88.5,84.5
9893,IP-Sca-0,ESP,37.96,-5.37,60,52.5
9894,IP-Sen-0,ESP,42.59,0.76,88.25,76.66666667
9895,IP-Sfb-6,ESP,41.78,2.57,75.75,71
9896,IP-Slc-3,ESP,38.47,-3.74,79.5,95.66666667
9897,IP-Smt-1,ESP,40.95,-5.63,81,81.5
9898,IP-Som-0,ESP,41.14,-3.58,97.75,97.25
9899,IP-Tau-0,ESP,42.54,0.84,70.75,58
9900,IP-Tri-0,ESP,37.38,-6.01,53,50
9901,IP-Urd-1,ESP,42.27,-2.98,117,102.5
9902,IP-Usa-0,ESP,40.71,-3.24,98,110.3333333
9903,IP-Val-0,ESP,42.31,-3.1,108,108.75
9904,IP-Vas-0,ESP,40.95,-3.31,107.5,114.6666667
9905,IP-Ven-0,ESP,40.76,-4.01,89.75,95
9906,IP-Mah-6,ESP,40,4.25,88,80
9907,ENC-2-1,FRA,50.86,3.6,67.5,46.75
9908,ESP-1-11,FRA,50.72,3.47,65.25,46.5
9909,GEN-8,FRA,50.59,3.3,87,57
9910,BRI-2,FRA,50.68,3.52,70,43.5
9911,ARGE-1-15,FRA,47.16,4.28,66,44.5
9913,CON-7,FRA,47.24,4.43,81.5,50.75
9914,IST-29,FRA,47.58,5.33,74.75,55.25
9915,MAR-4-16,FRA,47.45,3.94,84.25,75.5
9916,MOL-1,FRA,47.1,4.22,68.75,51.5
9917,RAD-21,FRA,46.69,4.34,75.25,54.25
9918,SAUL-24,FRA,47.43,5.21,81.25,90
9919,BRE-14,FRA,48.85,4.45,67.75,47
9920,DIR-9,FRA,48.54,4.32,64,48.66666667
9921,FOR-23,FRA,48.57,4.41,64.5,48.25
9922,MIL-2,FRA,48.52,4.7,62.75,43.5
9923,PLO-1,FRA,48.58,4.46,66.25,50
9924,PLY-20,FRA,48.59,4.24,66.5,57
9925,RUM-20,FRA,48.91,4.52,92.5,79
9926,TRE-1,FRA,48.86,4.1,67,44.33333333
9927,ARR-17,FRA,44.05,3.69,87.75,73.25
9928,BEZ-9,FRA,44.12,3.77,83.5,77
9929,ISS-20,FRA,43.92,3.71,85.25,88
9930,LEC-25,FRA,43.91,4.14,75.75,68.66666667
9931,MOU2-25,FRA,43.98,4.31,57,42.33333333
9932,NOZ-6,FRA,44.12,4.33,81.5,76
9933,VED-10,FRA,43.74,3.89,76.75,49
9934,QUI-8,FRA,44.07,4.08,56,43
9935,BAU-15,FRA,50.6,2.93,79.25,73.75
9936,LCL-16,FRA,50.47,3.46,71.75,46.75
9937,CATS-6,FRA,50.79,2.69,67,47.75
9938,WAV-8,FRA,50.65,2.99,67.25,74
9939,Aitba-2,MAR,31.48,-7.45,75.25,60.75
9940,Toufl-1,MAR,31.47,-7.42,67,50
9941,Fei-0,POR,40.92,-8.54,70,42.5
9942,Agu-1,ESP,41.32,-1.34,65.66666667,110.6666667
9943,Cdm-0,ESP,39.73,-5.74,74,61.5
9944,Don-0,ESP,36.83,-6.36,75.75,68
9945,Leo-1,ESP,41.8,-3.11,113.5,110
9946,Mer-6,ESP,38.92,-6.34,61.5,54.5
9947,Ped-0,ESP,40.74,-3.9,104.5,125
9948,Pra-6,ESP,41.05,-3.54,105,NA
9949,Qui-0,ESP,42.69,-6.93,76.75,61.5
9950,Vie-0,ESP,42.63,0.76,99,86.25
9951,Kly-1,RUS,51.3333,82.5667,98.75,109.6666667
9952,Kly-4,RUS,51.32,82.55,86,104.3333333
9953,Koz-2,RUS,51.33,82.19,88,93.25
9954,Leb-3,RUS,51.65,80.82,97.5,104.75
9955,Stepn-2,RUS,54.09,60.46,80.5,73
9956,Stepn-1,RUS,54.06,60.48,72.75,61
9957,Borsk-2,RUS,53.04,51.75,83.75,85
9958,Shigu-1,RUS,53.33,49.48,82,76.5
9959,Shigu-2,RUS,53.33,49.48,81.5,78.75
9960,Kidr-1,RUS,51.31,57.56,82.5,66.66666667
9961,Krazo-2,RUS,53.09,52,84.25,81.5
9962,Galdo-1,ITA,40.57,15.32,78,71.75
9963,Lago-1,ITA,39.18,16.26,75,66.66666667
9964,Mammo-1,ITA,38.36,16.23,70,64.5
9965,Mammo-2,ITA,38.38,16.22,70.5,56
9966,Monte-1,ITA,40.28,15.65,90.5,80
9967,Moran-1,ITA,39.83,16.17,70,67.33333333
9968,Timpo-1,ITA,39.27,16.27,66.75,57.75
9969,Valsi-1,ITA,40.18,16.45,68.75,69.25
9970,Altenb-2,ITA,46.37,11.24,86.5,81.75
9971,Bozen-1.1,ITA,46.51,11.33,70.5,61
9972,Bozen-1.2,ITA,46.51,11.33,63,58.75
9973,Mitterberg-1-181,ITA,46.36,11.28,94.25,110
9974,Castelfed-4-212,ITA,46.34,11.29,94,93.5
9975,Castelfed-4-213,ITA,46.34,11.29,79.25,82.33333333
9976,Rovero-1,ITA,46.25,11.17,79,72.5
9977,Vezzano-2.1,ITA,46.63,10.82,94.75,91.75
9978,Vezzano-2.2,ITA,46.63,10.82,80.25,94.5
9979,Voeran-1,ITA,46.36,11.23,82.5,68.5
9980,Angel-1,ITA,38.62,16.17,68.5,60.5
9981,Angit-1,ITA,38.76,16.24,69.25,55.5
9982,Apost-1,ITA,39.01,16.47,85.5,79.25
9983,Ciste-1,ITA,41.62,12.87,63,58.5
9984,Ciste-2,ITA,41.62,12.87,65.75,56
9985,Slavi-1,BUL,41.43,23.65,71,63.5
9986,Jablo-1,BUL,41.59,25.2,89.33333333,86
9987,Lecho-1,BUL,41.43,23.5,91,82.25
9988,Bak-2,GEO,41.7942,43.4767,95.5,112.3333333
9989,Bak-7,GEO,41.7942,43.4767,103.5,111
9990,Lag2-2,GEO,41.8296,46.2831,83.75,75
9991,Vash-1,GEO,41.2381,46.3728,90.5,92.75
9992,Dog-4,TUR,38.3011,42.2239,92.25,95.75
9993,Nemrut-1,TUR,38.6425,42.2394,97.75,119.6666667
9994,Ey15-2,GER,48.43,8.77,78,54.5
9995,HKT2.4,GER,48.14,9.4,64.25,41.75
9996,Nie1-2,GER,48.52,8.8,61.33333333,38.25
9997,Rue3.1-31,GER,48.56,9.16,70.25,51.5
9998,Star-8,GER,48.43,8.82,68,46.25
9999,TueSB30-3,GER,48.53,9.06,72,54.25
10000,Tuescha-9,GER,48.53,9.05,61,54.5
10001,TueV-13,GER,48.52,9.05,68.75,49.5
10002,TueWal-2,GER,48.53,9.04,61,42.5
10003,WalHaesB4,GER,48.6,9.19,81.25,57.66666667
10004,Bolin-1,ROU,44.46,25.74,81.75,79
10005,Copac-1,ROU,46.11,21.95,76.66666667,67.25
10006,Kastel-1,UKR,44.6419,34.3814,113.5,131.5
10007,Koch-1,UKR,50.3553,29.3244,75,61.25
10008,Sij-1,UZB,41.45,70.05,79.25,73
10009,Sij-2,UZB,41.45,70.05,80.75,77.75
10010,Sij-4,UZB,41.45,70.05,85,75.25
10011,Yeg-1,ARM,39.8692,45.3622,71,65.25
10012,Istisu-1,AZE,38.9786,48.5594,113.5,105.6666667
10013,Lerik1-3,AZE,38.7406,48.6131,92.25,100
10014,Xan-1,AZE,38.6536,48.7992,96.75,132
10015,Ara-1,AFG,37.29,71.3,69.75,51.25
10016,Del-10,SRV,44.9444,21.1828,89,72
10017,Petro-1,SRB,44.34,21.46,87.5,76.5
10018,Dobra-1,SRB,44.84,20.16,90,81.33333333
10019,KZ10,KAZ,48.67,54.93,60.5,42
10020,Jl-2,CZE,49.17,16.5,72.5,48
10021,Hl-0,GER,52.1444,9.37827,59.5,44
10022,Uk-3,GER,48.0333,7.7667,73.5,45.25
10023,Strand-1,,NA,NA,96.25,90
10024,Tnz-1,TZA,NA,NA,64,43.25
10025,Bsch-2,GER,50.01,8.67,62.25,45.5
10026,Bg-5,USA,47.6479,-122.305,63,49.5
100000,Wil-1,LTU,54.6833,25.3167,71.66666667,48.25
